6739,76305,230,1,5/9/2020 16:20
7460,81008,1455,4,5/9/2020 16:20
6701,7556,1159,2,5/9/2020 16:20
8021,36492,3727,2,5/9/2020 16:20
6442,11282,4387,5,5/9/2020 16:20
5643,36216,1619,1,5/9/2020 16:20
7186,48203,2691,5,5/9/2020 16:20
6668,7427,2037,3,5/9/2020 16:20
8669,51578,4237,4,5/9/2020 16:20
8206,77899,4089,1,5/9/2020 16:20
7732,31755,3700,5,5/9/2020 16:20
8107,32824,4168,5,5/9/2020 16:20
8925,5211,4001,4,5/9/2020 16:20
5732,66187,2198,4,5/9/2020 16:20
6728,839,1956,2,5/9/2020 16:20
6370,63643,2657,2,5/9/2020 16:20
8150,76537,1299,4,5/9/2020 16:20
5709,67374,157,4,5/9/2020 16:20
8719,4068,257,4,5/9/2020 16:20
5727,2709,2463,2,5/9/2020 16:20
7796,72708,3527,5,5/9/2020 16:20
6485,87513,2909,4,5/9/2020 16:20
7042,41460,574,4,5/9/2020 16:20
8904,35404,2612,4,5/9/2020 16:20
6029,19629,1884,1,5/9/2020 16:20
8189,23923,366,2,5/9/2020 16:20
8323,60958,755,3,5/9/2020 16:20
8216,64735,621,4,5/9/2020 16:20
6212,83962,2328,5,5/9/2020 16:20
6573,63393,1292,4,5/9/2020 16:20
6914,39822,3569,3,5/9/2020 16:20
5755,52698,3188,4,5/9/2020 16:20
8460,11223,598,3,5/9/2020 16:20
6509,40772,3121,4,5/9/2020 16:20
6084,54176,4676,2,5/9/2020 16:20
7432,76819,2649,5,5/9/2020 16:20
5675,16386,3847,5,5/9/2020 16:20
6696,73447,3156,4,5/9/2020 16:20
7291,58811,490,2,5/9/2020 16:20
7191,89532,2585,4,5/9/2020 16:20
8635,54693,122,3,5/9/2020 16:20
7233,81056,2502,4,5/9/2020 16:20
6100,54643,1791,4,5/9/2020 16:20
8254,23369,3181,1,5/9/2020 16:20
5792,15945,1723,2,5/9/2020 16:20
7727,36767,4649,1,5/9/2020 16:20
8878,83338,1903,5,5/9/2020 16:20
8850,53294,1827,3,5/9/2020 16:20
7158,58677,2557,3,5/9/2020 16:20
7100,10473,2084,3,5/9/2020 16:20
7332,21152,3331,2,5/9/2020 16:20
7896,17777,3911,2,5/9/2020 16:20
7467,7788,1729,2,5/9/2020 16:20
6055,20323,3955,5,5/9/2020 16:20
6294,76743,133,4,5/9/2020 16:20
8021,20132,3727,3,5/9/2020 16:20
8305,41753,3066,2,5/9/2020 16:20
6940,80369,1889,5,5/9/2020 16:21
6891,65424,4238,1,5/9/2020 16:21
7857,79853,367,2,5/9/2020 16:21
5921,50578,2576,3,5/9/2020 16:21
6377,45126,79,5,5/9/2020 16:21
7593,63401,4700,4,5/9/2020 16:21
6412,21868,938,5,5/9/2020 16:21
8529,25673,3745,3,5/9/2020 16:21
7837,29745,2178,3,5/9/2020 16:21
7212,8732,2316,3,5/9/2020 16:21
8282,5479,4133,5,5/9/2020 16:21
8624,88407,3573,4,5/9/2020 16:21
5624,71829,1621,4,5/9/2020 16:21
7761,75902,4701,2,5/9/2020 16:21
8071,38559,3861,1,5/9/2020 16:21
7804,76481,1517,5,5/9/2020 16:21
8820,40268,3202,2,5/9/2020 16:21
6036,13759,1337,5,5/9/2020 16:21
5844,6208,136,2,5/9/2020 16:21
7698,81437,3114,4,5/9/2020 16:21
5639,46775,2579,4,5/9/2020 16:21
7129,48960,3625,1,5/9/2020 16:21
6221,39616,3362,3,5/9/2020 16:21
8802,69200,3567,1,5/9/2020 16:21
6724,49994,4622,3,5/9/2020 16:21
6124,9815,4801,3,5/9/2020 16:21
7132,24836,1784,5,5/9/2020 16:21
8546,53474,2708,3,5/9/2020 16:21
5643,24171,1619,5,5/9/2020 16:21
8071,9170,3861,2,5/9/2020 16:21
8156,3049,2011,5,5/9/2020 16:21
7767,61886,1189,5,5/9/2020 16:21
7764,60090,3278,3,5/9/2020 16:21
8146,37332,2768,3,5/9/2020 16:21
8680,82963,4408,3,5/9/2020 16:21
8024,70243,4506,1,5/9/2020 16:21
8494,16497,1342,4,5/9/2020 16:21
6004,76174,2190,3,5/9/2020 16:21
7755,56752,226,5,5/9/2020 16:21
5963,240,1205,3,5/9/2020 16:21
8589,88433,631,4,5/9/2020 16:21
7347,27837,314,1,5/9/2020 16:21
6505,72604,1305,2,5/9/2020 16:21
8642,6162,984,4,5/9/2020 16:21
6554,58145,1889,5,5/9/2020 16:21
8034,86122,4335,3,5/9/2020 16:21
6622,2507,3803,1,5/9/2020 16:21
8302,33713,1229,4,5/9/2020 16:21
8036,78166,4206,3,5/9/2020 16:21
7516,7978,1937,1,5/9/2020 16:21
7009,70536,4850,3,5/9/2020 16:21
8932,2487,4842,3,5/9/2020 16:21
8882,85701,2126,3,5/9/2020 16:21
8943,11017,4946,1,5/9/2020 16:21
7073,2324,1763,5,5/9/2020 16:21
8370,68498,2061,1,5/9/2020 16:21
8587,59617,145,3,5/9/2020 16:21
8888,21645,4433,4,5/9/2020 16:21
6774,27272,4844,3,5/9/2020 16:21
8906,50664,2709,4,5/9/2020 16:21
8414,84880,3262,1,5/9/2020 16:22
7317,14764,4048,5,5/9/2020 16:22
7266,76670,370,1,5/9/2020 16:22
7873,89838,3820,3,5/9/2020 16:22
8773,55496,2289,2,5/9/2020 16:22
5883,17993,113,4,5/9/2020 16:22
5820,85882,510,2,5/9/2020 16:22
5681,8428,1062,2,5/9/2020 16:22
8215,21205,2819,4,5/9/2020 16:22
5956,7565,2731,4,5/9/2020 16:22
8905,54998,1045,3,5/9/2020 16:22
6647,43976,3909,1,5/9/2020 16:22
8088,79350,3984,3,5/9/2020 16:22
5932,37240,2691,5,5/9/2020 16:22
5714,46464,1845,5,5/9/2020 16:22
5943,17587,951,2,5/9/2020 16:22
8924,75079,2221,3,5/9/2020 16:22
7577,43176,3137,2,5/9/2020 16:22
7228,757,3375,4,5/9/2020 16:22
7321,86017,4010,1,5/9/2020 16:22
6503,30851,4635,5,5/9/2020 16:22
6267,49438,2748,1,5/9/2020 16:22
8116,57717,424,2,5/9/2020 16:22
8837,35078,2701,1,5/9/2020 16:22
8238,81136,648,3,5/9/2020 16:22
8624,35149,3573,5,5/9/2020 16:22
7071,77941,1727,1,5/9/2020 16:22
5978,3300,2718,4,5/9/2020 16:22
7840,75274,3143,1,5/9/2020 16:22
6058,41057,57,1,5/9/2020 16:22
7761,48008,4701,3,5/9/2020 16:22
8476,53238,4538,4,5/9/2020 16:22
6127,33807,4621,2,5/9/2020 16:22
8512,86294,3430,4,5/9/2020 16:22
6057,79754,2503,5,5/9/2020 16:22
6903,84329,1002,3,5/9/2020 16:22
8024,79194,4506,1,5/9/2020 16:22
6591,15949,709,1,5/9/2020 16:22
6302,64772,1717,2,5/9/2020 16:22
7306,58197,86,2,5/9/2020 16:22
8284,59602,4455,3,5/9/2020 16:22
5932,50839,2691,5,5/9/2020 16:22
8782,7027,695,1,5/9/2020 16:22
7196,63944,4862,2,5/9/2020 16:22
8796,14373,528,3,5/9/2020 16:22
7857,26657,367,4,5/9/2020 16:22
7165,36285,3318,1,5/9/2020 16:22
5932,16487,2691,3,5/9/2020 16:22
7713,43921,2808,3,5/9/2020 16:22
5725,86592,1304,3,5/9/2020 16:22
6963,63818,3423,3,5/9/2020 16:22
8064,42492,58,1,5/9/2020 16:22
5868,38563,3927,3,5/9/2020 16:22
6561,60895,2583,4,5/9/2020 16:22
8053,82366,353,5,5/9/2020 16:22
7928,45119,3451,5,5/9/2020 16:22
7351,73012,565,1,5/9/2020 16:22
7590,73578,3841,5,5/9/2020 16:22
8556,61871,1665,5,5/9/2020 16:22
8467,32873,4853,3,5/9/2020 16:22
6245,83716,527,5,5/9/2020 16:23
7765,75574,100,3,5/9/2020 16:23
7864,29332,1471,4,5/9/2020 16:23
8844,439,3496,1,5/9/2020 16:23
8698,24926,90,4,5/9/2020 16:23
7980,39264,88,2,5/9/2020 16:23
6243,16839,4033,3,5/9/2020 16:23
7994,31023,2176,5,5/9/2020 16:23
6259,30488,4028,3,5/9/2020 16:23
7977,5945,4157,5,5/9/2020 16:23
7241,12238,993,4,5/9/2020 16:23
6707,68476,4743,2,5/9/2020 16:23
6646,10875,2428,3,5/9/2020 16:23
6570,49822,446,5,5/9/2020 16:23
6090,32918,1292,1,5/9/2020 16:23
7761,59624,4701,3,5/9/2020 16:23
6829,12657,2230,1,5/9/2020 16:23
6756,89175,1240,3,5/9/2020 16:23
5725,63251,1304,4,5/9/2020 16:23
8307,34786,2630,1,5/9/2020 16:23
5787,11617,3832,4,5/9/2020 16:23
5643,17490,1619,3,5/9/2020 16:23
8567,29429,1313,3,5/9/2020 16:23
8301,42080,1594,4,5/9/2020 16:23
8129,31307,3468,5,5/9/2020 16:23
7141,18007,1787,1,5/9/2020 16:23
5982,59099,2838,2,5/9/2020 16:23
7317,21202,4048,3,5/9/2020 16:23
6589,57788,529,4,5/9/2020 16:23
7972,41273,2769,1,5/9/2020 16:23
8531,69299,1377,2,5/9/2020 16:23
8969,16994,4612,4,5/9/2020 16:23
7520,88385,4711,5,5/9/2020 16:23
7344,83368,3945,1,5/9/2020 16:23
7496,43629,2331,1,5/9/2020 16:23
7850,36530,164,2,5/9/2020 16:23
8158,36462,2310,2,5/9/2020 16:23
7612,13379,239,1,5/9/2020 16:23
7098,52526,3803,4,5/9/2020 16:23
8424,12659,2781,3,5/9/2020 16:23
6087,3149,2008,4,5/9/2020 16:23
6732,34099,4706,5,5/9/2020 16:23
6287,67651,2693,5,5/9/2020 16:23
8644,69733,1345,1,5/9/2020 16:23
7185,11094,3121,2,5/9/2020 16:23
7976,87891,3490,1,5/9/2020 16:23
5706,41367,317,4,5/9/2020 16:23
7543,68455,2012,5,5/9/2020 16:23
6323,87644,3461,1,5/9/2020 16:23
7687,78919,2285,5,5/9/2020 16:23
8404,20151,398,4,5/9/2020 16:23
8810,87066,2152,4,5/9/2020 16:23
6709,48897,702,3,5/9/2020 16:23
6257,39416,3964,2,5/9/2020 16:23
8539,27725,2420,1,5/9/2020 16:23
5943,47130,951,5,5/9/2020 16:23
8752,5352,3536,3,5/9/2020 16:23
8983,19155,3334,1,5/9/2020 16:23
6387,85901,3408,4,5/9/2020 16:23
7330,70720,4960,3,5/9/2020 16:23
5958,41429,2683,5,5/9/2020 16:24
7658,59521,4488,1,5/9/2020 16:24
8950,61667,897,4,5/9/2020 16:24
8195,37876,1374,1,5/9/2020 16:24
6595,72740,3443,4,5/9/2020 16:24
6946,41910,1061,3,5/9/2020 16:24
7177,40828,4331,4,5/9/2020 16:24
6712,62814,1617,1,5/9/2020 16:24
7355,77610,1958,5,5/9/2020 16:24
8326,17783,925,2,5/9/2020 16:24
5611,60205,1544,4,5/9/2020 16:24
6556,81053,2044,5,5/9/2020 16:24
8885,3952,2901,5,5/9/2020 16:24
8832,1411,4837,1,5/9/2020 16:24
7030,87344,2933,4,5/9/2020 16:24
7619,53728,3579,2,5/9/2020 16:24
7158,32537,2557,1,5/9/2020 16:24
8765,73197,4348,1,5/9/2020 16:24
5869,2255,3180,2,5/9/2020 16:24
6247,1020,1536,1,5/9/2020 16:24
5937,16614,4161,4,5/9/2020 16:24
8884,1563,2267,4,5/9/2020 16:24
7891,15090,4654,3,5/9/2020 16:24
8453,28314,140,5,5/9/2020 16:24
6569,77179,2718,3,5/9/2020 16:24
7160,63748,2596,3,5/9/2020 16:24
7153,72556,2136,2,5/9/2020 16:24
7857,15914,367,3,5/9/2020 16:24
8911,7633,4021,2,5/9/2020 16:24
5784,59188,3415,5,5/9/2020 16:24
8263,5488,935,3,5/9/2020 16:24
8106,10227,769,4,5/9/2020 16:24
8216,80706,621,4,5/9/2020 16:24
5926,19166,1184,4,5/9/2020 16:24
8199,82871,4634,3,5/9/2020 16:24
5857,23099,1795,4,5/9/2020 16:24
6292,46219,4698,4,5/9/2020 16:24
8427,62399,1088,4,5/9/2020 16:24
8168,63524,4789,4,5/9/2020 16:24
5911,17578,4555,3,5/9/2020 16:24
8749,79656,4418,2,5/9/2020 16:24
6856,14092,125,2,5/9/2020 16:24
8671,85300,4108,5,5/9/2020 16:24
8072,56637,1877,5,5/9/2020 16:24
8995,42722,4320,5,5/9/2020 16:24
8422,75237,4346,3,5/9/2020 16:24
6050,11751,4182,4,5/9/2020 16:24
7738,44078,3799,1,5/9/2020 16:24
8058,18389,1164,2,5/9/2020 16:24
8658,25899,3101,2,5/9/2020 16:24
8417,64015,1882,4,5/9/2020 16:24
6058,10497,57,2,5/9/2020 16:24
8025,65827,4688,2,5/9/2020 16:24
7100,87522,2084,5,5/9/2020 16:24
8558,11434,1760,2,5/9/2020 16:24
6969,4865,1047,5,5/9/2020 16:24
6746,37861,205,1,5/9/2020 16:24
6333,1990,1782,2,5/9/2020 16:24
7832,76307,3238,4,5/9/2020 16:24
6338,34533,1952,5,5/9/2020 16:24
5766,76643,1585,5,5/9/2020 16:25
8841,85198,4660,4,5/9/2020 16:25
8760,37386,2356,2,5/9/2020 16:25
6404,11967,322,4,5/9/2020 16:25
6080,20725,3004,3,5/9/2020 16:25
8897,81146,653,1,5/9/2020 16:25
7683,74294,4121,5,5/9/2020 16:25
7853,82510,2015,3,5/9/2020 16:25
7895,12586,3550,1,5/9/2020 16:25
6189,74309,1118,2,5/9/2020 16:25
7854,84068,3137,1,5/9/2020 16:25
6514,87094,4743,2,5/9/2020 16:25
6821,56074,357,4,5/9/2020 16:25
7584,52372,1453,2,5/9/2020 16:25
6151,58001,556,3,5/9/2020 16:25
6830,48895,1235,4,5/9/2020 16:25
6051,30551,2909,2,5/9/2020 16:25
7476,7970,3873,3,5/9/2020 16:25
5949,29550,2516,1,5/9/2020 16:25
9000,51687,624,5,5/9/2020 16:25
6402,12004,690,5,5/9/2020 16:25
8826,11678,2690,4,5/9/2020 16:25
6897,43729,4787,4,5/9/2020 16:25
8467,69029,4853,1,5/9/2020 16:25
8817,12113,1233,1,5/9/2020 16:25
6172,31435,174,4,5/9/2020 16:25
7818,25282,1496,1,5/9/2020 16:25
7911,63885,2314,2,5/9/2020 16:25
8453,8632,140,3,5/9/2020 16:25
6752,84332,643,1,5/9/2020 16:25
7612,1756,239,3,5/9/2020 16:25
6752,74280,643,5,5/9/2020 16:25
7986,10278,110,1,5/9/2020 16:25
7229,38264,4458,5,5/9/2020 16:25
8453,47631,140,2,5/9/2020 16:25
6700,82929,2292,5,5/9/2020 16:25
8583,6701,4658,5,5/9/2020 16:25
6052,21595,2984,3,5/9/2020 16:25
7543,39428,2012,2,5/9/2020 16:25
7976,78366,3490,2,5/9/2020 16:25
7453,4839,3327,5,5/9/2020 16:25
7356,42884,720,5,5/9/2020 16:25
6169,3903,4232,2,5/9/2020 16:25
5816,52186,469,2,5/9/2020 16:25
7994,23848,2176,3,5/9/2020 16:25
6019,24643,1419,3,5/9/2020 16:25
7959,55786,4594,4,5/9/2020 16:25
7304,39024,1861,2,5/9/2020 16:25
8863,50553,546,2,5/9/2020 16:25
7022,29477,2432,2,5/9/2020 16:25
5602,85502,215,3,5/9/2020 16:25
8749,76608,4418,3,5/9/2020 16:25
8427,62433,1088,1,5/9/2020 16:25
6352,5931,738,3,5/9/2020 16:25
8863,28253,546,2,5/9/2020 16:25
6124,15182,4801,5,5/9/2020 16:25
7343,81281,4338,3,5/9/2020 16:25
6929,17205,727,4,5/9/2020 16:25
8700,37269,410,4,5/9/2020 16:25
7980,3090,88,4,5/9/2020 16:25
7524,23732,3627,4,5/9/2020 16:26
7238,14812,1678,2,5/9/2020 16:26
6944,46177,741,3,5/9/2020 16:26
6905,72988,1335,5,5/9/2020 16:26
8632,34465,3300,4,5/9/2020 16:26
6956,202,994,4,5/9/2020 16:26
5831,73961,4728,4,5/9/2020 16:26
7764,81050,3278,5,5/9/2020 16:26
5794,61193,314,2,5/9/2020 16:26
6969,23592,1047,1,5/9/2020 16:26
7354,26732,3817,5,5/9/2020 16:26
6247,54180,1536,2,5/9/2020 16:26
5888,77407,3797,4,5/9/2020 16:26
7674,38447,3807,3,5/9/2020 16:26
7036,27203,3349,5,5/9/2020 16:26
5888,18791,3797,1,5/9/2020 16:26
8404,33492,398,1,5/9/2020 16:26
6892,48209,2095,5,5/9/2020 16:26
6749,42932,1544,1,5/9/2020 16:26
8296,62320,3343,4,5/9/2020 16:26
8235,89180,2369,2,5/9/2020 16:26
8903,89310,2430,1,5/9/2020 16:26
8276,56819,4561,2,5/9/2020 16:26
7925,10129,808,4,5/9/2020 16:26
8071,35222,3861,2,5/9/2020 16:26
7088,46940,4432,1,5/9/2020 16:26
8300,1111,4712,2,5/9/2020 16:26
5888,981,3797,1,5/9/2020 16:26
6127,30023,4621,3,5/9/2020 16:26
8499,59395,3386,3,5/9/2020 16:26
6227,45070,4963,5,5/9/2020 16:26
5921,16981,2576,5,5/9/2020 16:26
8139,22381,1250,4,5/9/2020 16:26
8076,19925,3401,5,5/9/2020 16:26
8230,32505,325,3,5/9/2020 16:26
6753,16385,558,5,5/9/2020 16:26
8658,61886,3101,3,5/9/2020 16:26
6486,23259,434,2,5/9/2020 16:26
6601,8284,4661,5,5/9/2020 16:26
6634,42430,1256,1,5/9/2020 16:26
7267,80484,3868,5,5/9/2020 16:26
8449,84143,4885,1,5/9/2020 16:26
6933,83483,3200,1,5/9/2020 16:26
7591,89515,3770,3,5/9/2020 16:26
6202,75424,4409,2,5/9/2020 16:26
8537,88754,2601,5,5/9/2020 16:26
6088,35300,3946,5,5/9/2020 16:26
6177,22044,1424,4,5/9/2020 16:26
7764,33165,3278,3,5/9/2020 16:26
8076,53150,3401,4,5/9/2020 16:26
6315,37165,4825,2,5/9/2020 16:26
6903,36098,1002,5,5/9/2020 16:26
7344,59259,3945,2,5/9/2020 16:26
5815,9498,4177,1,5/9/2020 16:26
6259,25455,4028,3,5/9/2020 16:26
5930,48151,438,1,5/9/2020 16:26
6652,16310,58,2,5/9/2020 16:26
7906,65336,1951,1,5/9/2020 16:26
6352,44946,738,1,5/9/2020 16:26
6614,39874,4756,4,5/9/2020 16:26
8255,69242,2730,1,5/9/2020 16:27
7819,38855,2705,2,5/9/2020 16:27
5821,1055,1328,2,5/9/2020 16:27
7168,49052,690,2,5/9/2020 16:27
6586,73909,3791,4,5/9/2020 16:27
6643,14797,350,5,5/9/2020 16:27
8769,13240,3913,3,5/9/2020 16:27
6784,76630,4430,4,5/9/2020 16:27
6736,37603,3065,4,5/9/2020 16:27
6301,81094,2446,3,5/9/2020 16:27
5857,41245,1795,5,5/9/2020 16:27
6239,56579,3993,5,5/9/2020 16:27
5840,72826,3338,2,5/9/2020 16:27
6710,6622,905,3,5/9/2020 16:27
7849,57458,2007,3,5/9/2020 16:27
7112,21271,3612,2,5/9/2020 16:27
6456,7903,719,4,5/9/2020 16:27
6940,47749,1889,1,5/9/2020 16:27
6540,86673,4921,3,5/9/2020 16:27
7520,46059,4711,1,5/9/2020 16:27
8107,2954,4168,4,5/9/2020 16:27
5927,7534,897,5,5/9/2020 16:27
7604,72911,1136,2,5/9/2020 16:27
6950,21677,3396,5,5/9/2020 16:27
8266,10217,657,4,5/9/2020 16:27
8240,60924,2072,2,5/9/2020 16:27
6725,58093,4797,1,5/9/2020 16:27
5614,29727,4722,3,5/9/2020 16:27
8008,48580,4407,4,5/9/2020 16:27
8145,20349,1143,2,5/9/2020 16:27
5636,83395,212,2,5/9/2020 16:27
8712,73663,3036,1,5/9/2020 16:27
8690,73646,748,5,5/9/2020 16:27
6522,74914,358,2,5/9/2020 16:27
6637,6077,3973,1,5/9/2020 16:27
7960,71960,321,1,5/9/2020 16:27
6715,3847,1040,2,5/9/2020 16:27
5664,89640,3546,3,5/9/2020 16:27
6857,59201,2237,3,5/9/2020 16:27
7350,58890,2309,2,5/9/2020 16:27
5818,26346,451,3,5/9/2020 16:27
7186,52177,2691,5,5/9/2020 16:27
8023,70611,328,1,5/9/2020 16:27
7758,26827,3953,4,5/9/2020 16:27
6738,82024,4884,1,5/9/2020 16:27
5969,6257,3957,3,5/9/2020 16:27
7998,62809,635,4,5/9/2020 16:27
7878,23326,3273,4,5/9/2020 16:27
6571,65749,4398,3,5/9/2020 16:27
7801,66526,594,1,5/9/2020 16:27
8569,72399,1876,3,5/9/2020 16:27
5789,71222,1008,4,5/9/2020 16:27
7331,17759,1073,4,5/9/2020 16:27
7299,47815,2334,3,5/9/2020 16:27
6088,22654,3946,4,5/9/2020 16:27
8163,63441,326,3,5/9/2020 16:27
8271,16591,1048,2,5/9/2020 16:27
5770,83343,80,3,5/9/2020 16:27
8090,63255,680,1,5/9/2020 16:27
6512,62094,2443,4,5/9/2020 16:27
5899,76319,4216,5,5/9/2020 16:28
8176,76280,4544,5,5/9/2020 16:28
8841,38586,4660,1,5/9/2020 16:28
7790,44756,3537,5,5/9/2020 16:28
8177,18335,3101,3,5/9/2020 16:28
7672,49413,786,3,5/9/2020 16:28
7363,57675,4781,4,5/9/2020 16:28
7922,44956,3770,1,5/9/2020 16:28
8828,74923,3697,2,5/9/2020 16:28
8160,4243,2075,1,5/9/2020 16:28
8567,40582,1313,3,5/9/2020 16:28
8342,64929,700,1,5/9/2020 16:28
5882,51888,3143,2,5/9/2020 16:28
6646,74452,2428,4,5/9/2020 16:28
7142,4767,147,3,5/9/2020 16:28
7439,6025,2279,2,5/9/2020 16:28
8846,53840,2863,4,5/9/2020 16:28
5643,69067,1619,3,5/9/2020 16:28
8931,61098,4512,2,5/9/2020 16:28
7035,20686,1223,2,5/9/2020 16:28
7298,34328,1921,3,5/9/2020 16:28
7761,78350,4701,4,5/9/2020 16:28
6882,28623,2740,4,5/9/2020 16:28
8787,76999,1321,4,5/9/2020 16:28
7695,1171,4340,5,5/9/2020 16:28
7139,83311,936,4,5/9/2020 16:28
6329,89435,4682,3,5/9/2020 16:28
5605,77629,2505,4,5/9/2020 16:28
8008,79916,4407,1,5/9/2020 16:28
5619,65052,143,4,5/9/2020 16:28
6034,87170,2365,5,5/9/2020 16:28
6440,54482,3674,3,5/9/2020 16:28
8541,38082,1527,3,5/9/2020 16:28
7641,54682,3189,2,5/9/2020 16:28
6564,43018,3089,1,5/9/2020 16:28
8393,19761,4278,5,5/9/2020 16:28
6433,68512,3234,4,5/9/2020 16:28
6660,68373,805,3,5/9/2020 16:28
5745,41031,2493,1,5/9/2020 16:28
8661,30192,2317,3,5/9/2020 16:28
8631,83824,1717,1,5/9/2020 16:28
7160,32407,2596,2,5/9/2020 16:28
8066,63613,3537,4,5/9/2020 16:28
8502,6366,264,4,5/9/2020 16:28
6357,64935,2732,4,5/9/2020 16:28
8398,74259,4200,4,5/9/2020 16:28
7541,31176,197,2,5/9/2020 16:28
5946,84321,4259,5,5/9/2020 16:28
8022,49139,3825,4,5/9/2020 16:28
5815,38606,4177,2,5/9/2020 16:28
6339,81887,1888,5,5/9/2020 16:28
7428,8488,2997,1,5/9/2020 16:28
5956,24557,2731,4,5/9/2020 16:28
6759,34181,1350,3,5/9/2020 16:28
6668,83308,2037,2,5/9/2020 16:28
7597,24985,4263,2,5/9/2020 16:28
8453,68386,140,1,5/9/2020 16:28
6850,53924,716,3,5/9/2020 16:28
7539,15370,3459,5,5/9/2020 16:28
7750,18506,2051,2,5/9/2020 16:28
6257,74378,3964,5,5/9/2020 16:29
6113,40441,3990,2,5/9/2020 16:29
7218,33879,3326,5,5/9/2020 16:29
7514,68284,1510,3,5/9/2020 16:29
7486,1845,1344,3,5/9/2020 16:29
6899,76702,1530,5,5/9/2020 16:29
7655,65905,1665,5,5/9/2020 16:29
8486,49280,3589,5,5/9/2020 16:29
6097,69546,449,1,5/9/2020 16:29
7922,58834,3770,1,5/9/2020 16:29
6495,64772,351,3,5/9/2020 16:29
6615,63820,107,5,5/9/2020 16:29
8625,80173,1626,5,5/9/2020 16:29
8076,88944,3401,4,5/9/2020 16:29
8381,53253,2768,5,5/9/2020 16:29
7953,53900,1332,1,5/9/2020 16:29
8374,89495,3037,2,5/9/2020 16:29
7719,72014,2451,3,5/9/2020 16:29
5853,30000,2189,1,5/9/2020 16:29
7664,49047,1123,4,5/9/2020 16:29
8595,71319,3071,2,5/9/2020 16:29
8025,67634,4688,3,5/9/2020 16:29
6042,34983,4820,4,5/9/2020 16:29
8711,82739,3391,3,5/9/2020 16:29
5945,11217,2448,1,5/9/2020 16:29
7723,22248,2799,3,5/9/2020 16:29
7595,18543,4530,1,5/9/2020 16:29
8770,6078,4533,3,5/9/2020 16:29
7764,22257,3278,2,5/9/2020 16:29
7134,44222,3519,5,5/9/2020 16:29
6521,55276,2873,2,5/9/2020 16:29
6412,63798,938,4,5/9/2020 16:29
8176,29549,4544,2,5/9/2020 16:29
6123,27643,4075,2,5/9/2020 16:29
8053,66103,353,1,5/9/2020 16:29
8941,68627,4224,1,5/9/2020 16:29
7540,60433,4446,2,5/9/2020 16:29
8600,77850,4009,4,5/9/2020 16:29
6212,48519,2328,2,5/9/2020 16:29
8193,40804,2242,4,5/9/2020 16:29
6304,8717,1186,2,5/9/2020 16:29
6078,70232,2684,5,5/9/2020 16:29
5989,51920,3570,1,5/9/2020 16:29
6723,33355,465,2,5/9/2020 16:29
7904,83208,4987,5,5/9/2020 16:29
8714,8153,3174,1,5/9/2020 16:29
7363,67005,4781,5,5/9/2020 16:29
7804,57903,1517,2,5/9/2020 16:29
8064,43544,58,4,5/9/2020 16:29
8718,7266,3507,1,5/9/2020 16:29
8254,7771,3181,3,5/9/2020 16:29
6346,55170,3045,1,5/9/2020 16:29
8267,8859,4871,5,5/9/2020 16:29
5640,13718,3749,3,5/9/2020 16:29
8572,76550,534,4,5/9/2020 16:29
7287,73286,1010,2,5/9/2020 16:29
6591,8712,709,4,5/9/2020 16:29
6146,77293,3282,3,5/9/2020 16:29
8564,51621,2250,1,5/9/2020 16:29
6646,59292,2428,1,5/9/2020 16:29
5766,21561,1585,1,5/9/2020 16:30
8358,85054,858,4,5/9/2020 16:30
7832,48985,3238,3,5/9/2020 16:30
7978,80698,4189,4,5/9/2020 16:30
6898,22982,2125,2,5/9/2020 16:30
6328,82946,2254,1,5/9/2020 16:30
6226,16998,4298,3,5/9/2020 16:30
8762,43179,2445,1,5/9/2020 16:30
6185,82800,787,5,5/9/2020 16:30
5905,69229,4729,3,5/9/2020 16:30
6454,46832,1794,2,5/9/2020 16:30
6012,33997,4771,2,5/9/2020 16:30
8863,31572,546,1,5/9/2020 16:30
6861,71045,922,4,5/9/2020 16:30
6355,22376,2474,3,5/9/2020 16:30
7366,84194,202,2,5/9/2020 16:30
8035,43652,4973,4,5/9/2020 16:30
6572,48975,4820,1,5/9/2020 16:30
7316,9264,1429,2,5/9/2020 16:30
6109,87470,1882,4,5/9/2020 16:30
8558,87684,1760,2,5/9/2020 16:30
7024,35013,4383,3,5/9/2020 16:30
6908,4146,655,3,5/9/2020 16:30
6050,81451,4182,5,5/9/2020 16:30
8079,60642,4079,2,5/9/2020 16:30
8134,44738,2759,1,5/9/2020 16:30
5681,66321,1062,4,5/9/2020 16:30
5808,28157,4182,5,5/9/2020 16:30
8027,41341,3311,1,5/9/2020 16:30
5600,15630,3210,5,5/9/2020 16:30
7010,6707,1276,5,5/9/2020 16:30
6694,25427,2864,3,5/9/2020 16:30
7309,11107,1336,5,5/9/2020 16:30
8000,24484,1629,1,5/9/2020 16:30
7960,35372,321,5,5/9/2020 16:30
6890,10031,2571,1,5/9/2020 16:30
6152,18298,584,5,5/9/2020 16:30
5653,49,3158,1,5/9/2020 16:30
7381,35825,1243,5,5/9/2020 16:30
7980,409,88,1,5/9/2020 16:30
7727,62418,4649,2,5/9/2020 16:30
7406,64970,460,4,5/9/2020 16:30
8255,81278,2730,2,5/9/2020 16:30
5909,3380,1235,5,5/9/2020 16:30
7475,73347,3649,3,5/9/2020 16:30
7735,19642,3828,3,5/9/2020 16:30
7640,3444,759,4,5/9/2020 16:30
6713,59368,3335,4,5/9/2020 16:30
6913,37974,4974,3,5/9/2020 16:30
5708,24136,1569,5,5/9/2020 16:30
8273,54816,1489,5,5/9/2020 16:30
8298,18136,2072,5,5/9/2020 16:30
7229,3309,4458,4,5/9/2020 16:30
7036,33298,3349,2,5/9/2020 16:30
6547,74681,4909,4,5/9/2020 16:30
7724,36602,4273,5,5/9/2020 16:30
6212,33448,2328,5,5/9/2020 16:30
5945,8180,2448,3,5/9/2020 16:30
5705,38549,1646,3,5/9/2020 16:30
6906,2037,213,3,5/9/2020 16:30
7723,4570,2799,5,5/9/2020 16:31
8661,48220,2317,5,5/9/2020 16:31
6569,37173,2718,2,5/9/2020 16:31
6274,82504,3102,1,5/9/2020 16:31
5908,85817,667,3,5/9/2020 16:31
6403,63838,2056,4,5/9/2020 16:31
7582,58957,868,1,5/9/2020 16:31
5946,38229,4259,1,5/9/2020 16:31
5936,3469,4350,1,5/9/2020 16:31
7184,34614,4787,1,5/9/2020 16:31
8453,81623,140,1,5/9/2020 16:31
8437,13142,1396,3,5/9/2020 16:31
6922,54324,572,1,5/9/2020 16:31
6624,84647,4297,2,5/9/2020 16:31
7368,67252,4394,3,5/9/2020 16:31
8280,20509,490,1,5/9/2020 16:31
7009,45050,4850,4,5/9/2020 16:31
8402,13685,1143,4,5/9/2020 16:31
6596,35959,882,3,5/9/2020 16:31
7031,13768,1513,4,5/9/2020 16:31
8070,57242,1666,2,5/9/2020 16:31
8241,14307,3329,3,5/9/2020 16:31
7796,27132,3527,5,5/9/2020 16:31
5873,40634,1611,3,5/9/2020 16:31
7309,67080,1336,3,5/9/2020 16:31
5756,28717,4270,4,5/9/2020 16:31
7015,4212,3096,2,5/9/2020 16:31
5982,57986,2838,1,5/9/2020 16:31
5705,84270,1646,3,5/9/2020 16:31
8217,84101,1374,5,5/9/2020 16:31
8651,41420,4698,3,5/9/2020 16:31
5690,62556,2560,2,5/9/2020 16:31
6145,16530,280,3,5/9/2020 16:31
8763,49352,3344,4,5/9/2020 16:31
8519,12645,3054,2,5/9/2020 16:31
7630,6402,646,2,5/9/2020 16:31
5811,81540,4639,4,5/9/2020 16:31
8258,51862,2842,5,5/9/2020 16:31
6384,27988,484,3,5/9/2020 16:31
7793,17479,626,5,5/9/2020 16:31
5707,22204,3776,4,5/9/2020 16:31
7540,55433,4446,2,5/9/2020 16:31
8658,68136,3101,3,5/9/2020 16:31
8479,51989,4037,1,5/9/2020 16:31
7578,33713,2818,3,5/9/2020 16:31
7835,4500,4141,5,5/9/2020 16:31
8029,16280,2553,1,5/9/2020 16:31
8112,58152,3931,3,5/9/2020 16:31
8770,85223,4533,4,5/9/2020 16:31
8338,75490,3386,1,5/9/2020 16:31
6315,67716,4825,4,5/9/2020 16:31
6984,74955,3325,2,5/9/2020 16:31
8825,5945,1506,3,5/9/2020 16:31
6085,28232,3366,4,5/9/2020 16:31
7360,64565,146,3,5/9/2020 16:31
8157,58409,911,1,5/9/2020 16:31
6009,61503,3391,4,5/9/2020 16:31
6971,81495,81,2,5/9/2020 16:31
8370,46775,2061,2,5/9/2020 16:31
5680,31680,2641,3,5/9/2020 16:31
7756,25272,4307,5,5/9/2020 16:32
6926,50603,927,1,5/9/2020 16:32
8794,89385,4414,4,5/9/2020 16:32
5653,23001,3158,3,5/9/2020 16:32
8726,56562,3947,1,5/9/2020 16:32
5989,68199,3570,2,5/9/2020 16:32
8282,85923,4133,5,5/9/2020 16:32
8906,8810,2709,1,5/9/2020 16:32
7898,88003,4262,5,5/9/2020 16:32
8793,77207,2943,4,5/9/2020 16:32
6121,64682,3653,5,5/9/2020 16:32
5693,55903,4982,5,5/9/2020 16:32
7116,4699,87,1,5/9/2020 16:32
8854,12600,1492,3,5/9/2020 16:32
8506,45238,721,2,5/9/2020 16:32
7237,62086,3046,5,5/9/2020 16:32
8078,26981,393,4,5/9/2020 16:32
8897,76054,653,2,5/9/2020 16:32
6638,65698,3802,1,5/9/2020 16:32
6638,79276,3802,2,5/9/2020 16:32
7575,16944,3761,4,5/9/2020 16:32
6857,54138,2237,4,5/9/2020 16:32
7111,68772,961,5,5/9/2020 16:32
6131,6362,2011,2,5/9/2020 16:32
8449,73389,4885,2,5/9/2020 16:32
7542,25392,1830,4,5/9/2020 16:32
7629,48626,4214,1,5/9/2020 16:32
6618,53842,4748,2,5/9/2020 16:32
6601,34050,4661,4,5/9/2020 16:32
8168,2647,4789,3,5/9/2020 16:32
6128,2225,2173,4,5/9/2020 16:32
8201,70721,2125,2,5/9/2020 16:32
6926,726,927,1,5/9/2020 16:32
6586,48807,3791,3,5/9/2020 16:32
8958,76356,1645,4,5/9/2020 16:32
8642,48427,984,5,5/9/2020 16:32
6051,197,2909,2,5/9/2020 16:32
7606,13677,2228,3,5/9/2020 16:32
8793,60573,2943,3,5/9/2020 16:32
7824,17576,1490,2,5/9/2020 16:32
6477,20980,2033,3,5/9/2020 16:32
8668,19795,176,4,5/9/2020 16:32
6830,3807,1235,2,5/9/2020 16:32
7082,65134,3090,1,5/9/2020 16:32
6236,84356,180,3,5/9/2020 16:32
7877,34691,2283,5,5/9/2020 16:32
7953,72508,1332,1,5/9/2020 16:32
8158,1146,2310,5,5/9/2020 16:32
6478,34509,3377,3,5/9/2020 16:32
5781,71144,4745,1,5/9/2020 16:32
7883,5933,879,1,5/9/2020 16:32
6812,5976,243,2,5/9/2020 16:32
8070,67557,1666,3,5/9/2020 16:32
6287,19383,2693,1,5/9/2020 16:32
6267,81712,2748,2,5/9/2020 16:32
8183,86304,4093,5,5/9/2020 16:32
6910,10260,3823,4,5/9/2020 16:32
5954,45710,1751,3,5/9/2020 16:32
8708,73979,3089,2,5/9/2020 16:32
5834,81131,1877,3,5/9/2020 16:32
8803,67585,310,5,5/9/2020 16:33
8333,17906,1388,4,5/9/2020 16:33
7278,12312,4740,3,5/9/2020 16:33
8423,83162,211,1,5/9/2020 16:33
7973,77083,1932,3,5/9/2020 16:33
7856,74017,4874,4,5/9/2020 16:33
6800,44464,2616,2,5/9/2020 16:33
7228,63658,3375,3,5/9/2020 16:33
6323,47474,3461,1,5/9/2020 16:33
8416,73330,1039,1,5/9/2020 16:33
6869,26716,2459,2,5/9/2020 16:33
6641,27729,4779,5,5/9/2020 16:33
8480,42873,720,3,5/9/2020 16:33
8765,8472,4348,2,5/9/2020 16:33
8212,7041,2625,2,5/9/2020 16:33
6012,2983,4771,1,5/9/2020 16:33
8891,20574,3381,1,5/9/2020 16:33
6194,60948,3580,4,5/9/2020 16:33
8627,64066,1536,4,5/9/2020 16:33
8366,74498,4250,1,5/9/2020 16:33
6535,72264,895,5,5/9/2020 16:33
5607,79023,1164,3,5/9/2020 16:33
7745,6513,797,3,5/9/2020 16:33
5864,13439,4337,1,5/9/2020 16:33
8554,22991,1448,1,5/9/2020 16:33
8985,6196,1311,5,5/9/2020 16:33
7439,44221,2279,5,5/9/2020 16:33
8077,12996,4898,2,5/9/2020 16:33
7735,61152,3828,2,5/9/2020 16:33
8805,4334,1230,3,5/9/2020 16:33
8316,55393,1363,1,5/9/2020 16:33
8726,42552,3947,4,5/9/2020 16:33
7193,47749,2805,5,5/9/2020 16:33
7725,76910,3997,1,5/9/2020 16:33
8404,88204,398,5,5/9/2020 16:33
6886,76154,488,1,5/9/2020 16:33
7212,80191,2316,3,5/9/2020 16:33
8254,3851,3181,2,5/9/2020 16:33
8210,82870,1454,2,5/9/2020 16:33
6671,36375,2601,5,5/9/2020 16:33
6774,43891,4844,3,5/9/2020 16:33
5989,55306,3570,5,5/9/2020 16:33
7255,69732,334,1,5/9/2020 16:33
5611,65230,1544,1,5/9/2020 16:33
7590,46962,3841,5,5/9/2020 16:33
6518,4303,2159,5,5/9/2020 16:33
6301,19523,2446,4,5/9/2020 16:33
8326,75379,925,3,5/9/2020 16:33
6583,39628,4728,5,5/9/2020 16:33
7382,32103,3095,5,5/9/2020 16:33
8100,32735,3758,1,5/9/2020 16:33
7338,71470,57,4,5/9/2020 16:33
7522,54793,4842,1,5/9/2020 16:33
6748,18259,2821,5,5/9/2020 16:33
8349,84321,4912,5,5/9/2020 16:33
6956,5065,994,1,5/9/2020 16:33
6518,54470,2159,4,5/9/2020 16:33
7216,11776,4770,3,5/9/2020 16:33
7431,40587,3824,1,5/9/2020 16:33
6612,8913,4690,2,5/9/2020 16:33
6343,6178,4240,4,5/9/2020 16:34
7483,60333,4827,3,5/9/2020 16:34
6668,59003,2037,3,5/9/2020 16:34
7105,33295,1513,5,5/9/2020 16:34
8296,26201,3343,5,5/9/2020 16:34
7612,80508,239,1,5/9/2020 16:34
8290,30576,2940,2,5/9/2020 16:34
8450,89483,1077,5,5/9/2020 16:34
6259,12791,4028,5,5/9/2020 16:34
8460,2869,598,1,5/9/2020 16:34
5773,42967,296,1,5/9/2020 16:34
6866,1984,2869,4,5/9/2020 16:34
8271,6606,1048,5,5/9/2020 16:34
8476,70050,4538,4,5/9/2020 16:34
6469,48142,3863,5,5/9/2020 16:34
6825,11474,2445,2,5/9/2020 16:34
6700,9239,2292,1,5/9/2020 16:34
7273,42425,2077,2,5/9/2020 16:34
6370,57343,2657,1,5/9/2020 16:34
8854,34730,1492,2,5/9/2020 16:34
7807,79684,2828,4,5/9/2020 16:34
8535,51205,1290,1,5/9/2020 16:34
7520,617,4711,1,5/9/2020 16:34
7428,72533,2997,3,5/9/2020 16:34
7378,17176,4270,4,5/9/2020 16:34
7414,57905,1866,3,5/9/2020 16:34
6478,65027,3377,5,5/9/2020 16:34
7641,52282,3189,5,5/9/2020 16:34
6971,87769,81,1,5/9/2020 16:34
8262,7112,562,1,5/9/2020 16:34
7449,81617,3065,1,5/9/2020 16:34
6551,55378,1078,5,5/9/2020 16:34
8280,26821,490,4,5/9/2020 16:34
6924,85874,3719,2,5/9/2020 16:34
8834,77995,4068,1,5/9/2020 16:34
7202,89553,4787,2,5/9/2020 16:34
6318,59457,4756,5,5/9/2020 16:34
6484,74059,3975,2,5/9/2020 16:34
8564,7604,2250,5,5/9/2020 16:34
5856,48089,1952,4,5/9/2020 16:34
6475,45872,651,3,5/9/2020 16:34
8127,74905,3924,2,5/9/2020 16:34
7368,19520,4394,5,5/9/2020 16:34
8294,10436,4058,2,5/9/2020 16:34
8205,46270,889,5,5/9/2020 16:34
8381,24600,2768,1,5/9/2020 16:34
8485,83696,1293,3,5/9/2020 16:34
7604,32661,1136,3,5/9/2020 16:34
7880,24979,3437,2,5/9/2020 16:34
6397,82804,258,4,5/9/2020 16:34
7095,62867,4392,3,5/9/2020 16:34
7172,32565,2824,2,5/9/2020 16:34
8841,14319,4660,1,5/9/2020 16:34
5789,59793,1008,3,5/9/2020 16:34
6602,79569,565,2,5/9/2020 16:34
5642,79615,4567,4,5/9/2020 16:34
8928,59871,1735,5,5/9/2020 16:34
8792,51731,3151,1,5/9/2020 16:34
8983,36836,3334,4,5/9/2020 16:34
7387,82997,3719,2,5/9/2020 16:34
8620,62809,2982,3,5/9/2020 16:35
6975,30394,1201,5,5/9/2020 16:35
7904,68052,4987,3,5/9/2020 16:35
7157,14892,2394,2,5/9/2020 16:35
5877,51823,694,4,5/9/2020 16:35
7647,20739,3430,1,5/9/2020 16:35
7389,27655,4484,5,5/9/2020 16:35
7349,78468,3349,4,5/9/2020 16:35
6351,73695,3647,2,5/9/2020 16:35
8189,13209,366,5,5/9/2020 16:35
7356,47941,720,1,5/9/2020 16:35
8449,25975,4885,4,5/9/2020 16:35
5953,34876,2283,1,5/9/2020 16:35
6101,68687,2365,2,5/9/2020 16:35
7644,31590,1132,5,5/9/2020 16:35
8663,76760,1854,1,5/9/2020 16:35
6774,39824,4844,3,5/9/2020 16:35
7611,37903,650,5,5/9/2020 16:35
8233,57950,1789,5,5/9/2020 16:35
6891,72398,4238,2,5/9/2020 16:35
5740,13068,1465,2,5/9/2020 16:35
6493,45281,2985,3,5/9/2020 16:35
8311,33144,1666,4,5/9/2020 16:35
6628,13118,4214,1,5/9/2020 16:35
7978,22999,4189,4,5/9/2020 16:35
7438,15413,1735,1,5/9/2020 16:35
5662,12541,4620,3,5/9/2020 16:35
6060,79938,227,5,5/9/2020 16:35
7325,28441,3965,1,5/9/2020 16:35
7637,57671,255,5,5/9/2020 16:35
6417,72714,237,2,5/9/2020 16:35
8360,35223,1002,1,5/9/2020 16:35
7019,74245,2988,1,5/9/2020 16:35
7695,77692,4340,3,5/9/2020 16:35
5704,3630,1330,5,5/9/2020 16:35
8891,30748,3381,4,5/9/2020 16:35
7348,88113,3009,2,5/9/2020 16:35
7658,72072,4488,2,5/9/2020 16:35
5699,25524,2544,3,5/9/2020 16:35
6436,44012,3413,3,5/9/2020 16:35
6564,88417,3089,5,5/9/2020 16:35
7761,81780,4701,1,5/9/2020 16:35
8731,68160,146,5,5/9/2020 16:35
7141,23369,1787,5,5/9/2020 16:35
8193,76431,2242,2,5/9/2020 16:35
8617,66490,2763,5,5/9/2020 16:35
6945,71422,2174,5,5/9/2020 16:35
7523,53367,1343,1,5/9/2020 16:35
8569,40055,1876,3,5/9/2020 16:35
6729,50571,4567,1,5/9/2020 16:35
8197,69756,1113,4,5/9/2020 16:35
7777,21096,794,5,5/9/2020 16:35
7493,12935,432,5,5/9/2020 16:35
7417,45232,1047,5,5/9/2020 16:35
8596,75994,98,4,5/9/2020 16:35
8370,16982,2061,1,5/9/2020 16:35
8719,18377,257,1,5/9/2020 16:35
8907,30754,4894,3,5/9/2020 16:35
6643,5860,350,3,5/9/2020 16:35
6222,8011,1617,1,5/9/2020 16:35
7868,48021,3457,1,5/9/2020 16:36
7063,16850,1340,1,5/9/2020 16:36
8484,20666,4365,5,5/9/2020 16:36
6487,51136,1982,4,5/9/2020 16:36
6895,4377,138,2,5/9/2020 16:36
7523,249,1343,4,5/9/2020 16:36
8501,59467,1814,1,5/9/2020 16:36
6090,30940,1292,2,5/9/2020 16:36
7416,48228,1390,4,5/9/2020 16:36
7723,4437,2799,4,5/9/2020 16:36
5852,84686,742,2,5/9/2020 16:36
6969,44546,1047,2,5/9/2020 16:36
5641,20208,4715,3,5/9/2020 16:36
5657,61522,191,2,5/9/2020 16:36
6584,1633,2530,1,5/9/2020 16:36
6177,68397,1424,2,5/9/2020 16:36
8030,11995,2733,2,5/9/2020 16:36
6412,27181,938,1,5/9/2020 16:36
6922,45555,572,5,5/9/2020 16:36
8449,65500,4885,1,5/9/2020 16:36
6426,21301,3621,2,5/9/2020 16:36
6892,85010,2095,5,5/9/2020 16:36
6478,9059,3377,1,5/9/2020 16:36
5784,37999,3415,1,5/9/2020 16:36
5817,10920,140,1,5/9/2020 16:36
6601,85503,4661,1,5/9/2020 16:36
8572,41325,534,1,5/9/2020 16:36
7745,24141,797,4,5/9/2020 16:36
5939,9250,4728,3,5/9/2020 16:36
7430,64752,1755,2,5/9/2020 16:36
7256,88217,3566,2,5/9/2020 16:36
7533,89356,4172,4,5/9/2020 16:36
6190,57535,4263,1,5/9/2020 16:36
8894,80571,640,4,5/9/2020 16:36
6983,47102,1774,2,5/9/2020 16:36
5865,4526,713,5,5/9/2020 16:36
5681,12113,1062,4,5/9/2020 16:36
7317,80956,4048,3,5/9/2020 16:36
8710,51713,3998,2,5/9/2020 16:36
8891,13240,3381,1,5/9/2020 16:36
5887,49846,1628,3,5/9/2020 16:36
8825,2133,1506,3,5/9/2020 16:36
8548,56449,2850,5,5/9/2020 16:36
8234,76188,169,1,5/9/2020 16:36
7536,81623,496,4,5/9/2020 16:36
6405,16484,4296,5,5/9/2020 16:36
8569,32140,1876,1,5/9/2020 16:36
5665,89080,1314,5,5/9/2020 16:36
8335,84693,977,3,5/9/2020 16:36
8980,24437,2475,4,5/9/2020 16:36
6283,9178,4108,3,5/9/2020 16:36
5642,20516,4567,1,5/9/2020 16:36
6974,44889,2341,1,5/9/2020 16:36
8216,68658,621,1,5/9/2020 16:36
7632,33890,1080,1,5/9/2020 16:36
7204,27101,4523,3,5/9/2020 16:36
7139,28347,936,2,5/9/2020 16:36
8324,68014,3654,3,5/9/2020 16:36
7175,88821,1285,5,5/9/2020 16:36
8360,25298,1002,3,5/9/2020 16:36
8237,67685,2457,4,5/9/2020 16:37
6276,60711,522,1,5/9/2020 16:37
8147,77477,332,5,5/9/2020 16:37
8427,46919,1088,3,5/9/2020 16:37
7285,5307,1978,5,5/9/2020 16:37
8620,16439,2982,1,5/9/2020 16:37
5821,19036,1328,2,5/9/2020 16:37
5960,7793,1126,3,5/9/2020 16:37
6059,78685,4475,2,5/9/2020 16:37
7215,74150,2535,5,5/9/2020 16:37
7381,65880,1243,5,5/9/2020 16:37
6262,19689,749,5,5/9/2020 16:37
8898,17149,3677,5,5/9/2020 16:37
6850,80637,716,3,5/9/2020 16:37
6307,74052,1186,1,5/9/2020 16:37
7188,80864,4337,5,5/9/2020 16:37
7237,61868,3046,3,5/9/2020 16:37
7086,54080,2008,5,5/9/2020 16:37
8029,71194,2553,2,5/9/2020 16:37
7729,73046,3292,2,5/9/2020 16:37
6359,26838,1143,3,5/9/2020 16:37
8407,32965,4725,5,5/9/2020 16:37
6097,59374,449,2,5/9/2020 16:37
8025,74820,4688,4,5/9/2020 16:37
7678,57989,4581,2,5/9/2020 16:37
6218,34823,4495,4,5/9/2020 16:37
6723,4047,465,3,5/9/2020 16:37
6542,27296,4803,4,5/9/2020 16:37
8501,16956,1814,5,5/9/2020 16:37
5837,79241,2027,3,5/9/2020 16:37
6983,72279,1774,5,5/9/2020 16:37
6926,24176,927,4,5/9/2020 16:37
7811,84489,3197,5,5/9/2020 16:37
7426,89687,4543,2,5/9/2020 16:37
6600,26549,506,2,5/9/2020 16:37
7195,89676,523,3,5/9/2020 16:37
6748,23625,2821,3,5/9/2020 16:37
8262,817,562,1,5/9/2020 16:37
6708,81382,2279,5,5/9/2020 16:37
6218,74150,4495,2,5/9/2020 16:37
7040,42508,2587,3,5/9/2020 16:37
7787,20902,396,1,5/9/2020 16:37
8240,55274,2072,3,5/9/2020 16:37
7671,22221,908,1,5/9/2020 16:37
6940,5988,1889,4,5/9/2020 16:37
8370,11434,2061,5,5/9/2020 16:37
8071,4809,3861,3,5/9/2020 16:37
6636,27834,1767,5,5/9/2020 16:37
7244,71285,4243,2,5/9/2020 16:37
6615,40384,107,1,5/9/2020 16:37
6250,34090,654,1,5/9/2020 16:37
7501,19580,4392,2,5/9/2020 16:37
8069,27395,664,5,5/9/2020 16:37
5930,78764,438,2,5/9/2020 16:37
8000,35412,1629,5,5/9/2020 16:37
5989,44424,3570,2,5/9/2020 16:37
6897,89,4787,1,5/9/2020 16:37
7981,15121,3451,5,5/9/2020 16:37
6776,5854,3128,3,5/9/2020 16:37
5842,68495,2342,4,5/9/2020 16:37
6712,34043,1617,4,5/9/2020 16:38
6730,5852,410,4,5/9/2020 16:38
5861,74219,3973,2,5/9/2020 16:38
7040,15711,2587,3,5/9/2020 16:38
8366,35335,4250,2,5/9/2020 16:38
6069,20710,4216,1,5/9/2020 16:38
6446,23966,1473,4,5/9/2020 16:38
7592,87050,4297,1,5/9/2020 16:38
7894,34078,2532,4,5/9/2020 16:38
8975,74407,4139,1,5/9/2020 16:38
6875,22623,830,5,5/9/2020 16:38
8572,37834,534,4,5/9/2020 16:38
5629,16506,3536,3,5/9/2020 16:38
6924,81651,3719,1,5/9/2020 16:38
7287,12071,1010,3,5/9/2020 16:38
7433,22125,4364,2,5/9/2020 16:38
7960,56163,321,4,5/9/2020 16:38
7438,386,1735,4,5/9/2020 16:38
6062,65271,4725,3,5/9/2020 16:38
5808,89003,4182,2,5/9/2020 16:38
6725,47950,4797,5,5/9/2020 16:38
8254,86029,3181,1,5/9/2020 16:38
7608,44413,4892,2,5/9/2020 16:38
6074,13932,4821,3,5/9/2020 16:38
8185,23793,3086,3,5/9/2020 16:38
7608,26952,4892,1,5/9/2020 16:38
5851,48671,2280,2,5/9/2020 16:38
6508,36106,4993,5,5/9/2020 16:38
6677,18306,2182,4,5/9/2020 16:38
6241,35447,2263,1,5/9/2020 16:38
8536,71832,4846,5,5/9/2020 16:38
7958,5159,2350,1,5/9/2020 16:38
8474,22452,2925,1,5/9/2020 16:38
7999,80242,1246,5,5/9/2020 16:38
8432,16252,3058,2,5/9/2020 16:38
7427,58757,1845,1,5/9/2020 16:38
8313,34897,2036,5,5/9/2020 16:38
6757,39199,1028,1,5/9/2020 16:38
6072,68537,2142,2,5/9/2020 16:38
8453,14043,140,4,5/9/2020 16:38
8639,71243,2460,2,5/9/2020 16:38
6127,20449,4621,5,5/9/2020 16:38
8129,69339,3468,3,5/9/2020 16:38
8076,26321,3401,2,5/9/2020 16:38
6327,68548,2104,5,5/9/2020 16:38
7782,48829,1626,1,5/9/2020 16:38
8329,5888,210,3,5/9/2020 16:38
8835,442,2504,2,5/9/2020 16:38
6532,45152,3450,2,5/9/2020 16:38
7772,60354,331,1,5/9/2020 16:38
7146,64535,2797,2,5/9/2020 16:38
7865,26673,730,2,5/9/2020 16:38
8402,78883,1143,2,5/9/2020 16:38
8740,6069,2549,2,5/9/2020 16:38
8108,47726,1038,3,5/9/2020 16:38
7427,74197,1845,1,5/9/2020 16:38
6301,62810,2446,1,5/9/2020 16:38
8702,41308,1595,1,5/9/2020 16:38
8346,81083,3402,3,5/9/2020 16:38
6106,48107,1056,2,5/9/2020 16:38
5872,83308,196,2,5/9/2020 16:39
7411,11801,2679,3,5/9/2020 16:39
8024,11414,4506,2,5/9/2020 16:39
6796,68386,3820,4,5/9/2020 16:39
6317,89799,128,4,5/9/2020 16:39
7286,74600,3631,2,5/9/2020 16:39
7060,87631,486,1,5/9/2020 16:39
8191,64024,4587,3,5/9/2020 16:39
8342,68351,700,1,5/9/2020 16:39
6246,64347,4513,1,5/9/2020 16:39
7826,88373,1188,1,5/9/2020 16:39
5748,30129,1386,5,5/9/2020 16:39
8373,40333,2984,4,5/9/2020 16:39
7536,49447,496,5,5/9/2020 16:39
6320,1949,2958,4,5/9/2020 16:39
8820,1074,3202,1,5/9/2020 16:39
6601,7053,4661,4,5/9/2020 16:39
8015,12259,4029,1,5/9/2020 16:39
7178,81815,1043,2,5/9/2020 16:39
5693,7978,4982,4,5/9/2020 16:39
6848,86551,3425,4,5/9/2020 16:39
6235,21273,1134,3,5/9/2020 16:39
6946,7281,1061,5,5/9/2020 16:39
5998,84814,1745,5,5/9/2020 16:39
8539,14293,2420,4,5/9/2020 16:39
6074,31136,4821,5,5/9/2020 16:39
5857,25853,1795,4,5/9/2020 16:39
7599,30808,4836,1,5/9/2020 16:39
8136,21389,1755,4,5/9/2020 16:39
7162,68375,2514,3,5/9/2020 16:39
7271,72233,2259,3,5/9/2020 16:39
5678,67674,3706,3,5/9/2020 16:39
7297,45707,2574,3,5/9/2020 16:39
7584,59983,1453,2,5/9/2020 16:39
6719,43781,4217,4,5/9/2020 16:39
6525,75458,113,4,5/9/2020 16:39
5869,72472,3180,4,5/9/2020 16:39
8742,6893,4554,3,5/9/2020 16:39
8118,61262,4908,2,5/9/2020 16:39
7055,48025,2780,3,5/9/2020 16:39
5789,44648,1008,3,5/9/2020 16:39
8079,39157,4079,3,5/9/2020 16:39
5829,78470,4439,1,5/9/2020 16:39
6321,9019,2629,1,5/9/2020 16:39
6353,79097,2143,2,5/9/2020 16:39
7356,87569,720,5,5/9/2020 16:39
6518,21978,2159,5,5/9/2020 16:39
6530,65450,3602,2,5/9/2020 16:39
6668,32081,2037,5,5/9/2020 16:39
7885,73950,2914,2,5/9/2020 16:39
8528,45511,1022,3,5/9/2020 16:39
7899,46500,919,1,5/9/2020 16:39
7781,51289,3439,3,5/9/2020 16:39
6435,25065,99,3,5/9/2020 16:39
8104,76594,2176,3,5/9/2020 16:39
5611,82495,1544,5,5/9/2020 16:39
5877,16697,694,3,5/9/2020 16:39
6857,58034,2237,3,5/9/2020 16:39
8828,43703,3697,3,5/9/2020 16:39
6744,65657,2550,5,5/9/2020 16:39
6290,16232,1450,4,5/9/2020 16:40
8866,63666,3355,3,5/9/2020 16:40
6620,12659,981,2,5/9/2020 16:40
7858,9870,3567,2,5/9/2020 16:40
8221,30633,720,1,5/9/2020 16:40
7196,22381,4862,5,5/9/2020 16:40
7343,20828,4338,3,5/9/2020 16:40
7658,32606,4488,4,5/9/2020 16:40
8414,858,3262,4,5/9/2020 16:40
7719,46778,2451,2,5/9/2020 16:40
7912,22963,4828,1,5/9/2020 16:40
8506,63150,721,3,5/9/2020 16:40
7067,17783,4929,3,5/9/2020 16:40
6250,50686,654,4,5/9/2020 16:40
8488,61532,2347,1,5/9/2020 16:40
7107,59340,2133,4,5/9/2020 16:40
7825,57987,1250,3,5/9/2020 16:40
8860,3213,1741,5,5/9/2020 16:40
5861,54635,3973,2,5/9/2020 16:40
8988,2182,4842,3,5/9/2020 16:40
7328,39691,4418,1,5/9/2020 16:40
7904,87071,4987,2,5/9/2020 16:40
8628,33968,1681,3,5/9/2020 16:40
8639,15172,2460,2,5/9/2020 16:40
5910,20671,4876,4,5/9/2020 16:40
7414,13740,1866,3,5/9/2020 16:40
5696,8795,4116,3,5/9/2020 16:40
7113,73434,3454,3,5/9/2020 16:40
8692,78605,3459,3,5/9/2020 16:40
7471,64840,4620,1,5/9/2020 16:40
7091,44325,4677,2,5/9/2020 16:40
6197,10583,698,2,5/9/2020 16:40
8442,27842,2867,5,5/9/2020 16:40
8554,42286,1448,3,5/9/2020 16:40
8381,49711,2768,1,5/9/2020 16:40
6933,85774,3200,2,5/9/2020 16:40
8977,87824,3781,5,5/9/2020 16:40
5971,80369,1268,5,5/9/2020 16:40
6664,85162,3745,5,5/9/2020 16:40
8383,47390,3317,2,5/9/2020 16:40
6385,24403,4439,5,5/9/2020 16:40
6537,4470,601,3,5/9/2020 16:40
8567,34362,1313,2,5/9/2020 16:40
6710,7796,905,5,5/9/2020 16:40
7648,78010,863,5,5/9/2020 16:40
5633,56868,3415,3,5/9/2020 16:40
8053,79736,353,2,5/9/2020 16:40
6189,64171,1118,5,5/9/2020 16:40
6528,7688,4865,3,5/9/2020 16:40
8497,37257,2524,1,5/9/2020 16:40
5702,26587,1289,2,5/9/2020 16:40
6601,1217,4661,5,5/9/2020 16:40
8298,40108,2072,3,5/9/2020 16:40
8760,25565,2356,3,5/9/2020 16:40
7947,38506,146,5,5/9/2020 16:40
6968,74734,4793,4,5/9/2020 16:40
7733,8748,2172,1,5/9/2020 16:40
8170,68241,3474,5,5/9/2020 16:40
6002,2791,66,1,5/9/2020 16:40
5631,87363,396,4,5/9/2020 16:40
6338,38743,1952,3,5/9/2020 16:41
8795,29921,4326,5,5/9/2020 16:41
6708,24596,2279,2,5/9/2020 16:41
6617,41943,301,3,5/9/2020 16:41
8264,56669,1183,4,5/9/2020 16:41
5780,87437,1071,4,5/9/2020 16:41
5930,38383,438,1,5/9/2020 16:41
8806,18839,350,5,5/9/2020 16:41
8243,14932,3906,4,5/9/2020 16:41
6944,65785,741,3,5/9/2020 16:41
5688,72521,1619,4,5/9/2020 16:41
7378,61540,4270,2,5/9/2020 16:41
6963,13190,3423,2,5/9/2020 16:41
5901,2000,1812,4,5/9/2020 16:41
8189,16246,366,4,5/9/2020 16:41
8485,28269,1293,5,5/9/2020 16:41
6754,48292,2813,3,5/9/2020 16:41
8487,38241,2260,4,5/9/2020 16:41
7831,36192,3709,3,5/9/2020 16:41
8571,42124,417,5,5/9/2020 16:41
8782,22266,695,4,5/9/2020 16:41
8071,6694,3861,5,5/9/2020 16:41
5966,4559,1318,5,5/9/2020 16:41
7540,71622,4446,2,5/9/2020 16:41
8558,86330,1760,2,5/9/2020 16:41
7280,76517,3527,2,5/9/2020 16:41
7761,2563,4701,1,5/9/2020 16:41
7132,19710,1784,2,5/9/2020 16:41
8837,16876,2701,5,5/9/2020 16:41
5825,8940,4740,5,5/9/2020 16:41
7758,57821,3953,1,5/9/2020 16:41
6282,21827,1668,2,5/9/2020 16:41
8484,73205,4365,2,5/9/2020 16:41
7892,58116,560,5,5/9/2020 16:41
8565,26302,3327,4,5/9/2020 16:41
6653,7989,304,3,5/9/2020 16:41
8115,86701,2202,3,5/9/2020 16:41
7249,49451,2763,5,5/9/2020 16:41
7641,52092,3189,1,5/9/2020 16:41
8142,5783,3550,5,5/9/2020 16:41
7514,7760,1510,1,5/9/2020 16:41
6817,45103,123,2,5/9/2020 16:41
6765,11022,256,2,5/9/2020 16:41
8275,36410,441,1,5/9/2020 16:41
6304,12350,1186,5,5/9/2020 16:41
8414,3462,3262,4,5/9/2020 16:41
6517,17886,3160,2,5/9/2020 16:41
7634,78879,2096,3,5/9/2020 16:41
6009,60922,3391,5,5/9/2020 16:41
5982,4065,2838,4,5/9/2020 16:41
7139,8060,936,5,5/9/2020 16:41
8305,59469,3066,1,5/9/2020 16:41
8888,44178,4433,3,5/9/2020 16:41
7683,475,4121,1,5/9/2020 16:41
7344,8322,3945,3,5/9/2020 16:41
8476,7289,4538,5,5/9/2020 16:41
8523,78939,655,5,5/9/2020 16:41
8311,74840,1666,1,5/9/2020 16:41
8339,46765,886,5,5/9/2020 16:41
8052,11051,1214,2,5/9/2020 16:41
8626,81596,77,1,5/9/2020 16:42
6971,77511,81,5,5/9/2020 16:42
5734,55274,1750,2,5/9/2020 16:42
6968,67872,4793,4,5/9/2020 16:42
7467,52230,1729,1,5/9/2020 16:42
6588,13700,2927,2,5/9/2020 16:42
7782,28493,1626,1,5/9/2020 16:42
7328,40656,4418,3,5/9/2020 16:42
7916,2153,4636,4,5/9/2020 16:42
7794,60280,339,5,5/9/2020 16:42
6034,28596,2365,5,5/9/2020 16:42
7608,70948,4892,5,5/9/2020 16:42
8476,45511,4538,4,5/9/2020 16:42
6646,60509,2428,1,5/9/2020 16:42
6535,8327,895,5,5/9/2020 16:42
8573,13491,2718,4,5/9/2020 16:42
7868,6283,3457,2,5/9/2020 16:42
6241,29156,2263,3,5/9/2020 16:42
8986,3397,4418,3,5/9/2020 16:42
6530,16281,3602,3,5/9/2020 16:42
8540,1647,1494,1,5/9/2020 16:42
8518,66624,595,3,5/9/2020 16:42
8484,23964,4365,5,5/9/2020 16:42
8459,79198,3228,5,5/9/2020 16:42
8628,34789,1681,5,5/9/2020 16:42
6587,86253,1112,5,5/9/2020 16:42
6727,11016,3236,5,5/9/2020 16:42
6434,44406,2825,4,5/9/2020 16:42
8977,39977,3781,5,5/9/2020 16:42
8410,69774,2669,1,5/9/2020 16:42
7295,52204,3727,2,5/9/2020 16:42
8874,14076,2169,3,5/9/2020 16:42
6307,34071,1186,5,5/9/2020 16:42
8805,69534,1230,4,5/9/2020 16:42
7975,57106,176,3,5/9/2020 16:42
6969,86331,1047,4,5/9/2020 16:42
5872,86853,196,2,5/9/2020 16:42
6083,22905,4833,5,5/9/2020 16:42
6433,78291,3234,3,5/9/2020 16:42
6070,26984,3523,2,5/9/2020 16:42
6509,68476,3121,1,5/9/2020 16:42
6375,29849,1836,5,5/9/2020 16:42
7306,36652,86,2,5/9/2020 16:42
7628,42404,2372,1,5/9/2020 16:42
8088,51991,3984,4,5/9/2020 16:42
7728,62810,4754,1,5/9/2020 16:42
7368,77385,4394,3,5/9/2020 16:42
8165,11945,4149,5,5/9/2020 16:42
6582,68555,1099,1,5/9/2020 16:42
7441,8500,2970,2,5/9/2020 16:42
7449,88375,3065,3,5/9/2020 16:42
8553,75496,1008,4,5/9/2020 16:42
7294,15532,2214,4,5/9/2020 16:42
8258,87363,2842,1,5/9/2020 16:42
6454,49801,1794,2,5/9/2020 16:42
6126,20709,3672,2,5/9/2020 16:42
5662,60873,4620,5,5/9/2020 16:42
7351,24602,565,3,5/9/2020 16:42
8249,63861,769,5,5/9/2020 16:42
5680,89403,2641,3,5/9/2020 16:42
6355,75028,2474,2,5/9/2020 16:43
6971,18886,81,2,5/9/2020 16:43
8142,61565,3550,1,5/9/2020 16:43
5841,89387,3728,3,5/9/2020 16:43
6582,11705,1099,3,5/9/2020 16:43
8225,7922,4702,1,5/9/2020 16:43
8953,45523,4840,4,5/9/2020 16:43
7173,88997,3630,3,5/9/2020 16:43
6709,59654,702,5,5/9/2020 16:43
7765,30990,100,1,5/9/2020 16:43
8693,17202,1521,5,5/9/2020 16:43
8198,18987,758,2,5/9/2020 16:43
8038,31043,4460,3,5/9/2020 16:43
5966,87552,1318,1,5/9/2020 16:43
8619,79987,161,2,5/9/2020 16:43
8349,68080,4912,5,5/9/2020 16:43
8030,27140,2733,4,5/9/2020 16:43
8489,1612,252,5,5/9/2020 16:43
8847,31731,2417,3,5/9/2020 16:43
7612,14906,239,3,5/9/2020 16:43
7545,35340,1803,3,5/9/2020 16:43
7852,10271,70,1,5/9/2020 16:43
8071,86588,3861,1,5/9/2020 16:43
8891,2384,3381,3,5/9/2020 16:43
6958,76887,2906,5,5/9/2020 16:43
7764,28890,3278,1,5/9/2020 16:43
8541,53379,1527,4,5/9/2020 16:43
6454,66915,1794,1,5/9/2020 16:43
6387,3242,3408,3,5/9/2020 16:43
8377,21562,2523,4,5/9/2020 16:43
7656,45009,3120,4,5/9/2020 16:43
7294,31741,2214,4,5/9/2020 16:43
5643,58825,1619,1,5/9/2020 16:43
7321,8976,4010,4,5/9/2020 16:43
8048,38671,1797,4,5/9/2020 16:43
7107,14470,2133,3,5/9/2020 16:43
5662,28580,4620,1,5/9/2020 16:43
8376,27256,4585,2,5/9/2020 16:43
6708,67606,2279,1,5/9/2020 16:43
5913,36322,4310,3,5/9/2020 16:43
6142,56544,4415,2,5/9/2020 16:43
8891,60190,3381,4,5/9/2020 16:43
7321,53660,4010,4,5/9/2020 16:43
8519,72346,3054,2,5/9/2020 16:43
8486,77569,3589,2,5/9/2020 16:43
5825,48778,4740,3,5/9/2020 16:43
6759,64444,1350,1,5/9/2020 16:43
7190,13521,2748,2,5/9/2020 16:43
5980,61778,4793,2,5/9/2020 16:43
5662,47494,4620,4,5/9/2020 16:43
8395,14872,366,4,5/9/2020 16:43
6800,4831,2616,4,5/9/2020 16:43
6352,81398,738,3,5/9/2020 16:43
8335,85750,977,5,5/9/2020 16:43
7041,70332,534,4,5/9/2020 16:43
5679,46072,1454,2,5/9/2020 16:43
8213,62987,4656,4,5/9/2020 16:43
7452,24483,1608,4,5/9/2020 16:43
7030,9501,2933,4,5/9/2020 16:43
6347,30719,149,2,5/9/2020 16:43
6070,65174,3523,2,5/9/2020 16:44
8629,75978,621,1,5/9/2020 16:44
8189,76770,366,5,5/9/2020 16:44
5874,28156,4587,3,5/9/2020 16:44
7506,85127,3978,5,5/9/2020 16:44
6302,29432,1717,5,5/9/2020 16:44
7487,17034,165,2,5/9/2020 16:44
6290,25792,1450,3,5/9/2020 16:44
8397,82935,412,5,5/9/2020 16:44
8825,10547,1506,4,5/9/2020 16:44
5940,53360,4598,3,5/9/2020 16:44
8782,23651,695,1,5/9/2020 16:44
7850,27380,164,4,5/9/2020 16:44
7849,21139,2007,1,5/9/2020 16:44
7518,40816,2570,5,5/9/2020 16:44
5945,54991,2448,3,5/9/2020 16:44
6348,36739,823,1,5/9/2020 16:44
8108,55875,1038,1,5/9/2020 16:44
8295,50550,206,2,5/9/2020 16:44
8074,71841,3289,1,5/9/2020 16:44
5809,39527,111,1,5/9/2020 16:44
7520,37868,4711,1,5/9/2020 16:44
8298,65599,2072,4,5/9/2020 16:44
5672,82984,1276,2,5/9/2020 16:44
7232,44991,3079,1,5/9/2020 16:44
8179,41504,3582,1,5/9/2020 16:44
7168,79051,690,1,5/9/2020 16:44
7123,28491,4876,2,5/9/2020 16:44
6031,86046,2403,2,5/9/2020 16:44
6935,85930,4327,5,5/9/2020 16:44
8449,7462,4885,1,5/9/2020 16:44
6899,46567,1530,4,5/9/2020 16:44
7162,61546,2514,5,5/9/2020 16:44
7132,54526,1784,3,5/9/2020 16:44
7385,26136,1818,1,5/9/2020 16:44
7064,2578,965,3,5/9/2020 16:44
6850,78019,716,5,5/9/2020 16:44
5668,8498,4805,5,5/9/2020 16:44
7064,79970,965,2,5/9/2020 16:44
7799,33851,1774,1,5/9/2020 16:44
6980,17826,2549,3,5/9/2020 16:44
8399,2833,563,2,5/9/2020 16:44
5888,71128,3797,1,5/9/2020 16:44
7273,72756,2077,4,5/9/2020 16:44
6355,85138,2474,1,5/9/2020 16:44
5656,22536,1689,5,5/9/2020 16:44
6356,38963,2224,1,5/9/2020 16:44
6573,61032,1292,2,5/9/2020 16:44
7951,51880,3892,3,5/9/2020 16:44
8103,59636,158,3,5/9/2020 16:44
6472,40560,2470,2,5/9/2020 16:44
8968,62670,1829,2,5/9/2020 16:44
7056,404,3086,3,5/9/2020 16:44
5986,33819,3826,3,5/9/2020 16:44
6246,8698,4513,4,5/9/2020 16:44
6049,27908,3919,2,5/9/2020 16:44
5947,38982,2129,1,5/9/2020 16:44
7409,80640,3125,2,5/9/2020 16:44
7607,66718,1425,3,5/9/2020 16:44
8733,34937,1300,1,5/9/2020 16:44
6839,73439,3758,5,5/9/2020 16:45
6938,35404,3308,4,5/9/2020 16:45
8980,59770,2475,5,5/9/2020 16:45
5642,45930,4567,5,5/9/2020 16:45
8357,1483,2924,1,5/9/2020 16:45
6053,25731,1219,4,5/9/2020 16:45
6301,25726,2446,2,5/9/2020 16:45
7994,54983,2176,4,5/9/2020 16:45
8234,34987,169,3,5/9/2020 16:45
6538,69267,2256,3,5/9/2020 16:45
6162,70119,3522,1,5/9/2020 16:45
8466,19554,3965,1,5/9/2020 16:45
8082,5296,1533,3,5/9/2020 16:45
6346,76989,3045,5,5/9/2020 16:45
8774,26528,1765,4,5/9/2020 16:45
7500,55040,3285,1,5/9/2020 16:45
6601,22958,4661,1,5/9/2020 16:45
8532,56127,937,4,5/9/2020 16:45
7983,70095,3339,5,5/9/2020 16:45
5911,43830,4555,3,5/9/2020 16:45
6850,45815,716,2,5/9/2020 16:45
7047,72784,4434,5,5/9/2020 16:45
8035,57779,4973,1,5/9/2020 16:45
6754,64502,2813,1,5/9/2020 16:45
8191,64169,4587,1,5/9/2020 16:45
6932,21474,2176,5,5/9/2020 16:45
8886,65358,1334,5,5/9/2020 16:45
5756,21336,4270,1,5/9/2020 16:45
5611,42880,1544,1,5/9/2020 16:45
5650,44465,4884,5,5/9/2020 16:45
8539,354,2420,2,5/9/2020 16:45
7987,17865,1535,1,5/9/2020 16:45
6754,63697,2813,1,5/9/2020 16:45
8321,40214,2125,5,5/9/2020 16:45
6210,52995,760,2,5/9/2020 16:45
6485,278,2909,4,5/9/2020 16:45
6594,33568,1411,3,5/9/2020 16:45
8145,126,1143,4,5/9/2020 16:45
8390,30013,4096,3,5/9/2020 16:45
8512,71339,3430,5,5/9/2020 16:45
5635,66833,149,2,5/9/2020 16:45
6787,22564,2005,3,5/9/2020 16:45
8477,56701,1235,3,5/9/2020 16:45
6758,33497,4019,5,5/9/2020 16:45
5709,66329,157,4,5/9/2020 16:45
6814,64616,2797,4,5/9/2020 16:45
5727,83245,2463,5,5/9/2020 16:45
8536,2361,4846,2,5/9/2020 16:45
7319,29062,4464,3,5/9/2020 16:45
5652,79352,90,1,5/9/2020 16:45
8450,53768,1077,4,5/9/2020 16:45
7840,73045,3143,3,5/9/2020 16:45
8204,87331,4309,5,5/9/2020 16:45
8964,19277,314,4,5/9/2020 16:45
8941,6134,4224,3,5/9/2020 16:45
7540,24677,4446,1,5/9/2020 16:45
7434,43135,630,2,5/9/2020 16:45
8039,53042,935,1,5/9/2020 16:45
7565,3731,2498,5,5/9/2020 16:45
8203,20452,4007,4,5/9/2020 16:45
6312,15438,3996,1,5/9/2020 16:46
6169,9165,4232,1,5/9/2020 16:46
7110,39907,4974,3,5/9/2020 16:46
7901,74111,1196,3,5/9/2020 16:46
6671,54740,2601,3,5/9/2020 16:46
6537,88721,601,5,5/9/2020 16:46
6060,14052,227,1,5/9/2020 16:46
7281,15730,2448,3,5/9/2020 16:46
8311,38562,1666,1,5/9/2020 16:46
8103,84141,158,2,5/9/2020 16:46
5910,11776,4876,1,5/9/2020 16:46
8970,81131,2870,5,5/9/2020 16:46
7833,77529,426,4,5/9/2020 16:46
6897,6330,4787,1,5/9/2020 16:46
7942,69964,2183,3,5/9/2020 16:46
7609,30990,3920,4,5/9/2020 16:46
7801,34935,594,5,5/9/2020 16:46
7051,67915,580,5,5/9/2020 16:46
8770,87752,4533,3,5/9/2020 16:46
7575,6523,3761,2,5/9/2020 16:46
5709,45988,157,1,5/9/2020 16:46
8981,3102,3089,5,5/9/2020 16:46
7697,81478,4202,5,5/9/2020 16:46
7753,88500,1153,4,5/9/2020 16:46
5690,11903,2560,2,5/9/2020 16:46
6719,25432,4217,1,5/9/2020 16:46
8075,45517,618,2,5/9/2020 16:46
7906,81278,1951,3,5/9/2020 16:46
5652,4759,90,3,5/9/2020 16:46
6090,9600,1292,1,5/9/2020 16:46
8940,52951,3715,4,5/9/2020 16:46
6267,88828,2748,1,5/9/2020 16:46
7380,50630,1461,4,5/9/2020 16:46
6882,76886,2740,1,5/9/2020 16:46
5960,4483,1126,2,5/9/2020 16:46
5911,41952,4555,4,5/9/2020 16:46
7680,9882,973,2,5/9/2020 16:46
6917,1764,490,3,5/9/2020 16:46
6978,23402,1782,1,5/9/2020 16:46
6936,9787,3340,4,5/9/2020 16:46
8502,28683,264,3,5/9/2020 16:46
5654,46387,3861,3,5/9/2020 16:46
5607,19231,1164,1,5/9/2020 16:46
7365,46684,2741,5,5/9/2020 16:46
8136,30567,1755,5,5/9/2020 16:46
6386,43415,3572,3,5/9/2020 16:46
8941,58326,4224,2,5/9/2020 16:46
6868,33540,4800,4,5/9/2020 16:46
7740,70604,4415,5,5/9/2020 16:46
5706,6148,317,5,5/9/2020 16:46
8532,58827,937,2,5/9/2020 16:46
7518,79647,2570,4,5/9/2020 16:46
6040,56116,4221,5,5/9/2020 16:46
8854,30594,1492,1,5/9/2020 16:46
7186,10510,2691,3,5/9/2020 16:46
6315,77783,4825,3,5/9/2020 16:46
8156,53869,2011,4,5/9/2020 16:46
8969,57147,4612,2,5/9/2020 16:46
7009,11809,4850,2,5/9/2020 16:46
6932,76483,2176,4,5/9/2020 16:46
8967,24593,4385,5,5/9/2020 16:47
8005,9600,3558,4,5/9/2020 16:47
6123,18088,4075,5,5/9/2020 16:47
6154,58622,1122,1,5/9/2020 16:47
7204,59580,4523,3,5/9/2020 16:47
8313,38455,2036,4,5/9/2020 16:47
6782,21568,2391,3,5/9/2020 16:47
6749,25232,1544,5,5/9/2020 16:47
6841,7182,1816,2,5/9/2020 16:47
6681,56627,836,3,5/9/2020 16:47
8225,23997,4702,3,5/9/2020 16:47
6451,61744,3339,4,5/9/2020 16:47
7834,78076,1109,4,5/9/2020 16:47
6276,45518,522,3,5/9/2020 16:47
7971,76138,405,2,5/9/2020 16:47
5901,67505,1812,3,5/9/2020 16:47
7954,11093,3590,5,5/9/2020 16:47
5941,51498,3577,4,5/9/2020 16:47
7591,75334,3770,1,5/9/2020 16:47
8685,64164,512,1,5/9/2020 16:47
7381,50173,1243,3,5/9/2020 16:47
8635,38477,122,5,5/9/2020 16:47
6168,73192,1638,5,5/9/2020 16:47
7409,30126,3125,4,5/9/2020 16:47
6866,32566,2869,1,5/9/2020 16:47
8024,28746,4506,3,5/9/2020 16:47
6703,31916,1007,4,5/9/2020 16:47
5834,8722,1877,2,5/9/2020 16:47
8313,80073,2036,4,5/9/2020 16:47
7241,39348,993,3,5/9/2020 16:47
8589,32672,631,4,5/9/2020 16:47
7788,66731,4244,1,5/9/2020 16:47
8861,41732,661,5,5/9/2020 16:47
6638,16201,3802,5,5/9/2020 16:47
6646,86126,2428,3,5/9/2020 16:47
8489,41474,252,4,5/9/2020 16:47
6440,27724,3674,1,5/9/2020 16:47
7002,61178,1500,1,5/9/2020 16:47
6462,6947,2616,5,5/9/2020 16:47
6946,84691,1061,2,5/9/2020 16:47
7881,83840,2414,3,5/9/2020 16:47
6325,7680,4073,4,5/9/2020 16:47
5880,84912,431,3,5/9/2020 16:47
7164,41252,2018,5,5/9/2020 16:47
7296,38550,3079,2,5/9/2020 16:47
6276,58164,522,5,5/9/2020 16:47
6785,36163,4764,3,5/9/2020 16:47
7343,56929,4338,3,5/9/2020 16:47
7917,38,2254,3,5/9/2020 16:47
8429,29854,3156,2,5/9/2020 16:47
6162,14003,3522,5,5/9/2020 16:47
6282,33144,1668,1,5/9/2020 16:47
7078,66848,1444,1,5/9/2020 16:47
5664,72823,3546,2,5/9/2020 16:47
7628,23814,2372,5,5/9/2020 16:47
6374,28736,1860,2,5/9/2020 16:47
7098,40638,3803,5,5/9/2020 16:47
7385,60672,1818,1,5/9/2020 16:47
6032,5295,2910,3,5/9/2020 16:47
8518,40427,595,4,5/9/2020 16:47
6535,53632,895,5,5/9/2020 16:48
8749,67670,4418,2,5/9/2020 16:48
6019,14572,1419,5,5/9/2020 16:48
6882,20970,2740,2,5/9/2020 16:48
8758,15189,3775,3,5/9/2020 16:48
7660,65753,3254,5,5/9/2020 16:48
6521,85198,2873,1,5/9/2020 16:48
6551,19188,1078,3,5/9/2020 16:48
8018,47327,4300,2,5/9/2020 16:48
6484,75291,3975,2,5/9/2020 16:48
5678,89484,3706,3,5/9/2020 16:48
8024,87466,4506,2,5/9/2020 16:48
5708,87243,1569,5,5/9/2020 16:48
8714,13566,3174,3,5/9/2020 16:48
7342,40210,2062,4,5/9/2020 16:48
7131,2960,887,2,5/9/2020 16:48
7791,42201,2138,5,5/9/2020 16:48
5829,82711,4439,4,5/9/2020 16:48
6315,18400,4825,4,5/9/2020 16:48
8462,62121,2281,3,5/9/2020 16:48
7769,76154,3048,4,5/9/2020 16:48
6020,14122,3279,2,5/9/2020 16:48
6813,64986,1519,1,5/9/2020 16:48
7591,487,3770,2,5/9/2020 16:48
5668,2165,4805,4,5/9/2020 16:48
8796,25477,528,4,5/9/2020 16:48
5670,64661,2853,4,5/9/2020 16:48
8492,20898,4091,1,5/9/2020 16:48
6773,17915,3516,4,5/9/2020 16:48
8192,87092,2559,1,5/9/2020 16:48
5613,14687,1119,2,5/9/2020 16:48
6253,78356,1763,4,5/9/2020 16:48
7872,43466,576,5,5/9/2020 16:48
6602,77381,565,4,5/9/2020 16:48
8073,2085,4440,3,5/9/2020 16:48
6042,23449,4820,5,5/9/2020 16:48
8094,47924,858,3,5/9/2020 16:48
7701,28114,802,4,5/9/2020 16:48
7903,6287,797,3,5/9/2020 16:48
6299,61359,2864,1,5/9/2020 16:48
8480,19076,720,5,5/9/2020 16:48
7009,79429,4850,5,5/9/2020 16:48
6302,60627,1717,5,5/9/2020 16:48
6909,50736,3620,3,5/9/2020 16:48
6990,45673,406,4,5/9/2020 16:48
5831,45150,4728,2,5/9/2020 16:48
7766,40182,3656,5,5/9/2020 16:48
8918,46566,2420,2,5/9/2020 16:48
5725,84912,1304,3,5/9/2020 16:48
8817,18729,1233,1,5/9/2020 16:48
6129,30213,2665,2,5/9/2020 16:48
6098,6403,2273,5,5/9/2020 16:48
7475,62889,3649,4,5/9/2020 16:48
6214,86343,4748,2,5/9/2020 16:48
6099,48141,2117,1,5/9/2020 16:48
7978,41996,4189,1,5/9/2020 16:48
6725,28444,4797,5,5/9/2020 16:48
5662,60077,4620,4,5/9/2020 16:48
8647,88478,3823,3,5/9/2020 16:48
8081,45226,3783,3,5/9/2020 16:48
6303,81099,2098,4,5/9/2020 16:49
6573,43134,1292,5,5/9/2020 16:49
7960,3593,321,1,5/9/2020 16:49
6753,48024,558,5,5/9/2020 16:49
8317,85601,1130,5,5/9/2020 16:49
8177,54556,3101,5,5/9/2020 16:49
6738,17855,4884,4,5/9/2020 16:49
8203,71529,4007,2,5/9/2020 16:49
8324,9549,3654,5,5/9/2020 16:49
6739,42165,230,1,5/9/2020 16:49
7934,66817,4391,2,5/9/2020 16:49
8363,40303,4895,1,5/9/2020 16:49
7188,85871,4337,4,5/9/2020 16:49
7218,28430,3326,1,5/9/2020 16:49
7879,83773,513,2,5/9/2020 16:49
6612,6740,4690,3,5/9/2020 16:49
7638,15235,3758,4,5/9/2020 16:49
6666,45394,296,1,5/9/2020 16:49
6565,82008,2892,4,5/9/2020 16:49
6099,70118,2117,4,5/9/2020 16:49
6316,20907,4070,5,5/9/2020 16:49
7035,76732,1223,3,5/9/2020 16:49
6145,74286,280,2,5/9/2020 16:49
7449,23090,3065,2,5/9/2020 16:49
8850,61330,1827,3,5/9/2020 16:49
8820,46285,3202,3,5/9/2020 16:49
7115,27553,169,1,5/9/2020 16:49
6377,12241,79,5,5/9/2020 16:49
8909,22084,3166,1,5/9/2020 16:49
8347,9560,4404,5,5/9/2020 16:49
6754,48671,2813,4,5/9/2020 16:49
7917,35971,2254,2,5/9/2020 16:49
8881,22750,2296,1,5/9/2020 16:49
5763,40379,1823,4,5/9/2020 16:49
7896,37856,3911,1,5/9/2020 16:49
7319,39324,4464,1,5/9/2020 16:49
6215,80192,3095,5,5/9/2020 16:49
8265,84884,762,4,5/9/2020 16:49
8487,86170,2260,3,5/9/2020 16:49
5808,31541,4182,5,5/9/2020 16:49
7474,87487,654,3,5/9/2020 16:49
7709,80166,606,3,5/9/2020 16:49
6220,85014,1015,2,5/9/2020 16:49
6839,22085,3758,4,5/9/2020 16:49
5764,14125,4884,4,5/9/2020 16:49
5927,47767,897,2,5/9/2020 16:49
6301,37001,2446,5,5/9/2020 16:49
6681,971,836,4,5/9/2020 16:49
8963,57717,2639,2,5/9/2020 16:49
8685,78770,512,4,5/9/2020 16:49
8151,67508,709,3,5/9/2020 16:49
8111,16538,2622,3,5/9/2020 16:49
8302,48844,1229,1,5/9/2020 16:49
6493,12799,2985,1,5/9/2020 16:49
7689,43629,2216,3,5/9/2020 16:49
7826,35281,1188,1,5/9/2020 16:49
7217,52101,715,1,5/9/2020 16:49
7180,77460,2879,2,5/9/2020 16:49
8555,27293,224,3,5/9/2020 16:49
8459,68510,3228,3,5/9/2020 16:49
7473,76,2700,3,5/9/2020 16:50
6142,55538,4415,5,5/9/2020 16:50
8873,27435,3442,5,5/9/2020 16:50
8339,81168,886,1,5/9/2020 16:50
6608,8336,1928,1,5/9/2020 16:50
7471,79176,4620,5,5/9/2020 16:50
6762,27600,3223,1,5/9/2020 16:50
5772,75714,4214,5,5/9/2020 16:50
8817,50690,1233,5,5/9/2020 16:50
6098,69384,2273,2,5/9/2020 16:50
8982,20998,3426,3,5/9/2020 16:50
6103,85814,1818,3,5/9/2020 16:50
7957,45325,4109,4,5/9/2020 16:50
7592,7517,4297,3,5/9/2020 16:50
7766,6771,3656,2,5/9/2020 16:50
6080,68131,3004,5,5/9/2020 16:50
6167,15273,1210,2,5/9/2020 16:50
6618,14027,4748,2,5/9/2020 16:50
6215,67616,3095,5,5/9/2020 16:50
7071,66389,1727,3,5/9/2020 16:50
8885,30735,2901,1,5/9/2020 16:50
7977,13706,4157,4,5/9/2020 16:50
6194,22156,3580,4,5/9/2020 16:50
7680,64331,973,2,5/9/2020 16:50
8484,51028,4365,3,5/9/2020 16:50
7661,82924,4446,2,5/9/2020 16:50
6968,45909,4793,1,5/9/2020 16:50
5954,25125,1751,5,5/9/2020 16:50
7150,34419,3727,1,5/9/2020 16:50
8170,14509,3474,2,5/9/2020 16:50
7015,45870,3096,4,5/9/2020 16:50
6668,30980,2037,1,5/9/2020 16:50
6049,18301,3919,5,5/9/2020 16:50
8960,67488,1603,2,5/9/2020 16:50
7923,9812,369,3,5/9/2020 16:50
8191,59199,4587,2,5/9/2020 16:50
8499,9774,3386,4,5/9/2020 16:50
5650,65623,4884,3,5/9/2020 16:50
7533,54334,4172,4,5/9/2020 16:50
6010,63480,4463,4,5/9/2020 16:50
8854,52825,1492,3,5/9/2020 16:50
8860,48960,1741,4,5/9/2020 16:50
5951,25294,3299,5,5/9/2020 16:50
8692,59559,3459,5,5/9/2020 16:50
7241,20809,993,2,5/9/2020 16:50
5714,55132,1845,2,5/9/2020 16:50
6139,51616,1139,2,5/9/2020 16:50
5809,38941,111,3,5/9/2020 16:50
7392,55987,3974,4,5/9/2020 16:50
8417,12241,1882,4,5/9/2020 16:50
8910,23657,3698,3,5/9/2020 16:50
6521,43955,2873,3,5/9/2020 16:50
7994,87117,2176,3,5/9/2020 16:50
6390,58810,2830,1,5/9/2020 16:50
6295,55547,282,5,5/9/2020 16:50
6409,71152,4413,5,5/9/2020 16:50
8580,13709,220,3,5/9/2020 16:50
5633,73202,3415,5,5/9/2020 16:50
5706,68512,317,2,5/9/2020 16:50
8760,18075,2356,1,5/9/2020 16:50
8603,75531,509,3,5/9/2020 16:51
6013,56290,1456,2,5/9/2020 16:51
7174,82448,1091,2,5/9/2020 16:51
7974,59347,1131,4,5/9/2020 16:51
7849,37628,2007,1,5/9/2020 16:51
7981,16349,3451,4,5/9/2020 16:51
7473,57072,2700,5,5/9/2020 16:51
8294,64389,4058,2,5/9/2020 16:51
6731,85324,4074,5,5/9/2020 16:51
8487,51092,2260,1,5/9/2020 16:51
7486,52843,1344,2,5/9/2020 16:51
6329,89121,4682,1,5/9/2020 16:51
8803,46669,310,4,5/9/2020 16:51
8301,16069,1594,3,5/9/2020 16:51
6833,16003,1482,1,5/9/2020 16:51
6484,51614,3975,1,5/9/2020 16:51
8940,35510,3715,2,5/9/2020 16:51
8841,13700,4660,3,5/9/2020 16:51
8885,9208,2901,2,5/9/2020 16:51
8711,59393,3391,3,5/9/2020 16:51
8407,59208,4725,2,5/9/2020 16:51
8318,64929,4610,5,5/9/2020 16:51
6218,7919,4495,2,5/9/2020 16:51
7015,29297,3096,5,5/9/2020 16:51
7491,67035,1434,2,5/9/2020 16:51
6060,31084,227,2,5/9/2020 16:51
7449,84864,3065,5,5/9/2020 16:51
7890,63852,4621,1,5/9/2020 16:51
7571,70458,1024,3,5/9/2020 16:51
8251,86442,3029,4,5/9/2020 16:51
7223,6418,2483,3,5/9/2020 16:51
8895,50732,1729,5,5/9/2020 16:51
7192,8054,918,2,5/9/2020 16:51
7500,33769,3285,2,5/9/2020 16:51
7594,67793,827,1,5/9/2020 16:51
5861,17535,3973,5,5/9/2020 16:51
5758,44801,294,2,5/9/2020 16:51
6302,45226,1717,3,5/9/2020 16:51
8915,56240,972,2,5/9/2020 16:51
7003,10223,3186,4,5/9/2020 16:51
8135,66313,4438,1,5/9/2020 16:51
6047,89967,3056,5,5/9/2020 16:51
6969,40096,1047,1,5/9/2020 16:51
7142,54474,147,5,5/9/2020 16:51
8962,70414,2618,1,5/9/2020 16:51
7355,56037,1958,2,5/9/2020 16:51
7277,66362,4321,5,5/9/2020 16:51
6931,13357,4895,2,5/9/2020 16:51
8894,21260,640,1,5/9/2020 16:51
5683,57710,2310,1,5/9/2020 16:51
8198,16985,758,1,5/9/2020 16:51
6594,31387,1411,4,5/9/2020 16:51
8146,3962,2768,4,5/9/2020 16:51
7474,15021,654,5,5/9/2020 16:51
5740,89750,1465,2,5/9/2020 16:51
7384,87048,650,1,5/9/2020 16:51
8460,61087,598,2,5/9/2020 16:51
7840,16339,3143,2,5/9/2020 16:51
7287,47779,1010,2,5/9/2020 16:51
8822,33409,4683,4,5/9/2020 16:51
8193,34528,2242,1,5/9/2020 16:52
7566,14090,1137,2,5/9/2020 16:52
6975,4905,1201,2,5/9/2020 16:52
7745,3162,797,5,5/9/2020 16:52
7897,47034,3578,1,5/9/2020 16:52
8099,3754,1831,3,5/9/2020 16:52
6916,70735,888,1,5/9/2020 16:52
8987,79528,1188,5,5/9/2020 16:52
8305,65337,3066,4,5/9/2020 16:52
8342,87172,700,3,5/9/2020 16:52
6050,57019,4182,5,5/9/2020 16:52
8035,21305,4973,2,5/9/2020 16:52
8862,88420,2956,3,5/9/2020 16:52
7190,26746,2748,2,5/9/2020 16:52
6600,57300,506,1,5/9/2020 16:52
6189,79152,1118,2,5/9/2020 16:52
8386,23486,3081,2,5/9/2020 16:52
8560,1020,4247,4,5/9/2020 16:52
6222,18886,1617,4,5/9/2020 16:52
7513,6962,1319,5,5/9/2020 16:52
6436,51930,3413,5,5/9/2020 16:52
5931,64875,4912,1,5/9/2020 16:52
8336,57331,4572,4,5/9/2020 16:52
5834,82416,1877,3,5/9/2020 16:52
8932,56992,4842,3,5/9/2020 16:52
6646,14944,2428,1,5/9/2020 16:52
7558,62394,2262,2,5/9/2020 16:52
7978,75129,4189,1,5/9/2020 16:52
6412,23910,938,4,5/9/2020 16:52
7635,82420,4829,5,5/9/2020 16:52
8804,22526,3116,2,5/9/2020 16:52
8302,60859,1229,2,5/9/2020 16:52
8820,27805,3202,5,5/9/2020 16:52
7946,35603,2746,2,5/9/2020 16:52
8817,19803,1233,3,5/9/2020 16:52
5780,71185,1071,3,5/9/2020 16:52
7470,82799,4979,4,5/9/2020 16:52
6535,71872,895,3,5/9/2020 16:52
6197,32376,698,4,5/9/2020 16:52
6583,81091,4728,1,5/9/2020 16:52
8666,35965,1369,4,5/9/2020 16:52
5642,7121,4567,3,5/9/2020 16:52
7302,6227,1683,3,5/9/2020 16:52
6329,32555,4682,2,5/9/2020 16:52
5804,88645,387,2,5/9/2020 16:52
8284,21576,4455,5,5/9/2020 16:52
6232,68173,3443,5,5/9/2020 16:52
6187,6997,2864,4,5/9/2020 16:52
5669,26570,1983,5,5/9/2020 16:52
8076,4562,3401,2,5/9/2020 16:52
6058,33803,57,2,5/9/2020 16:52
5985,62600,653,2,5/9/2020 16:52
7170,41976,1114,2,5/9/2020 16:52
7501,76166,4392,5,5/9/2020 16:52
5681,31623,1062,3,5/9/2020 16:52
7536,30960,496,1,5/9/2020 16:52
7983,85952,3339,3,5/9/2020 16:52
8701,52948,3654,2,5/9/2020 16:52
5958,44154,2683,4,5/9/2020 16:52
6716,68618,3999,5,5/9/2020 16:52
8731,45340,146,2,5/9/2020 16:53
6314,38946,3725,3,5/9/2020 16:53
8299,81467,3078,2,5/9/2020 16:53
7648,46476,863,1,5/9/2020 16:53
8953,88690,4840,1,5/9/2020 16:53
5949,18707,2516,4,5/9/2020 16:53
7962,27940,2130,4,5/9/2020 16:53
7832,13471,3238,3,5/9/2020 16:53
6087,32720,2008,1,5/9/2020 16:53
8804,42809,3116,4,5/9/2020 16:53
7745,28936,797,2,5/9/2020 16:53
7260,56689,3291,3,5/9/2020 16:53
6325,41311,4073,1,5/9/2020 16:53
8817,3485,1233,3,5/9/2020 16:53
6352,57987,738,5,5/9/2020 16:53
7113,44406,3454,1,5/9/2020 16:53
6805,37108,566,2,5/9/2020 16:53
7270,38622,3389,2,5/9/2020 16:53
6235,42490,1134,3,5/9/2020 16:53
6857,14679,2237,1,5/9/2020 16:53
7701,89368,802,4,5/9/2020 16:53
6916,12096,888,3,5/9/2020 16:53
8646,2533,579,5,5/9/2020 16:53
7892,43212,560,2,5/9/2020 16:53
7019,43364,2988,3,5/9/2020 16:53
8052,32558,1214,1,5/9/2020 16:53
7401,72327,3701,4,5/9/2020 16:53
6784,18846,4430,4,5/9/2020 16:53
8840,3746,4114,1,5/9/2020 16:53
8683,69854,4416,5,5/9/2020 16:53
6857,7475,2237,5,5/9/2020 16:53
6636,55736,1767,2,5/9/2020 16:53
7740,16069,4415,2,5/9/2020 16:53
7109,59932,1086,2,5/9/2020 16:53
7312,23511,2778,4,5/9/2020 16:53
7826,87074,1188,2,5/9/2020 16:53
6245,70536,527,3,5/9/2020 16:53
6980,54019,2549,1,5/9/2020 16:53
7518,37448,2570,1,5/9/2020 16:53
6974,10906,2341,5,5/9/2020 16:53
8158,52983,2310,1,5/9/2020 16:53
6485,38320,2909,1,5/9/2020 16:53
7518,21154,2570,5,5/9/2020 16:53
7514,64981,1510,2,5/9/2020 16:53
6503,19861,4635,3,5/9/2020 16:53
6429,76822,1711,4,5/9/2020 16:53
8130,33655,1095,4,5/9/2020 16:53
6871,64820,1119,5,5/9/2020 16:53
6926,20727,927,1,5/9/2020 16:53
8660,52917,90,1,5/9/2020 16:53
7031,28612,1513,1,5/9/2020 16:53
7685,82086,280,5,5/9/2020 16:53
7345,7192,143,2,5/9/2020 16:53
7132,73390,1784,2,5/9/2020 16:53
7348,58921,3009,1,5/9/2020 16:53
8668,50098,176,1,5/9/2020 16:53
5927,24065,897,1,5/9/2020 16:53
8822,89511,4683,5,5/9/2020 16:53
5845,24859,3593,4,5/9/2020 16:53
7641,68052,3189,5,5/9/2020 16:53
6879,20882,562,3,5/9/2020 16:54
6635,58573,1173,4,5/9/2020 16:54
8533,17505,1611,4,5/9/2020 16:54
6259,57262,4028,4,5/9/2020 16:54
7339,71132,4710,3,5/9/2020 16:54
6309,16593,3195,3,5/9/2020 16:54
7515,73347,612,2,5/9/2020 16:54
6724,40916,4622,1,5/9/2020 16:54
5966,88373,1318,3,5/9/2020 16:54
6055,72057,3955,3,5/9/2020 16:54
6131,26399,2011,2,5/9/2020 16:54
8239,64719,4986,4,5/9/2020 16:54
7883,35365,879,5,5/9/2020 16:54
7342,55050,2062,5,5/9/2020 16:54
7983,52938,3339,2,5/9/2020 16:54
6499,74608,1503,1,5/9/2020 16:54
7716,58212,3978,2,5/9/2020 16:54
8139,60954,1250,1,5/9/2020 16:54
8312,19489,973,1,5/9/2020 16:54
5959,6072,1251,3,5/9/2020 16:54
7024,22452,4383,2,5/9/2020 16:54
6326,54649,1769,2,5/9/2020 16:54
6499,51992,1503,2,5/9/2020 16:54
6637,48892,3973,2,5/9/2020 16:54
8627,61971,1536,5,5/9/2020 16:54
7465,14048,2398,5,5/9/2020 16:54
8210,86082,1454,1,5/9/2020 16:54
6189,6961,1118,3,5/9/2020 16:54
5736,40084,3481,2,5/9/2020 16:54
5930,17668,438,1,5/9/2020 16:54
8316,50475,1363,4,5/9/2020 16:54
7459,69374,2499,2,5/9/2020 16:54
8903,83329,2430,3,5/9/2020 16:54
7249,12652,2763,3,5/9/2020 16:54
7597,27787,4263,3,5/9/2020 16:54
7685,75574,280,2,5/9/2020 16:54
8712,78375,3036,2,5/9/2020 16:54
7952,40535,1765,3,5/9/2020 16:54
6032,55060,2910,4,5/9/2020 16:54
6924,55502,3719,3,5/9/2020 16:54
6776,4808,3128,3,5/9/2020 16:54
7212,67852,2316,3,5/9/2020 16:54
7432,76025,2649,3,5/9/2020 16:54
5763,42816,1823,1,5/9/2020 16:54
7278,35779,4740,4,5/9/2020 16:54
8127,57957,3924,3,5/9/2020 16:54
7117,75549,3432,3,5/9/2020 16:54
8697,40890,4457,5,5/9/2020 16:54
6143,72372,2633,2,5/9/2020 16:54
7539,84832,3459,1,5/9/2020 16:54
7831,83697,3709,1,5/9/2020 16:54
6541,27593,4250,2,5/9/2020 16:54
7460,7688,1455,1,5/9/2020 16:54
8714,37356,3174,4,5/9/2020 16:54
6060,40272,227,5,5/9/2020 16:54
8166,84934,4644,5,5/9/2020 16:54
5636,33733,212,3,5/9/2020 16:54
7781,82453,3439,4,5/9/2020 16:54
5643,56840,1619,1,5/9/2020 16:54
5698,79739,900,3,5/9/2020 16:54
7733,2487,2172,4,5/9/2020 16:55
6421,31174,2645,1,5/9/2020 16:55
6242,10584,1561,4,5/9/2020 16:55
7113,23629,3454,4,5/9/2020 16:55
8106,87551,769,3,5/9/2020 16:55
6131,62945,2011,1,5/9/2020 16:55
6866,44837,2869,1,5/9/2020 16:55
6530,26428,3602,4,5/9/2020 16:55
8131,80827,1511,5,5/9/2020 16:55
5872,64690,196,4,5/9/2020 16:55
7475,54429,3649,2,5/9/2020 16:55
7381,11877,1243,1,5/9/2020 16:55
5652,87986,90,5,5/9/2020 16:55
7493,12525,432,2,5/9/2020 16:55
6724,41187,4622,4,5/9/2020 16:55
7411,67706,2679,1,5/9/2020 16:55
8323,88362,755,2,5/9/2020 16:55
6213,4774,4752,2,5/9/2020 16:55
7068,7601,4323,1,5/9/2020 16:55
6546,18703,4330,5,5/9/2020 16:55
6245,60215,527,1,5/9/2020 16:55
8699,9427,2016,3,5/9/2020 16:55
8066,72232,3537,2,5/9/2020 16:55
7419,25669,4383,1,5/9/2020 16:55
5707,32346,3776,5,5/9/2020 16:55
7976,40498,3490,3,5/9/2020 16:55
6450,49801,2741,5,5/9/2020 16:55
7320,2387,2892,2,5/9/2020 16:55
7558,24979,2262,4,5/9/2020 16:55
6963,8933,3423,2,5/9/2020 16:55
7983,46027,3339,3,5/9/2020 16:55
8608,9302,2097,5,5/9/2020 16:55
7975,29079,176,5,5/9/2020 16:55
6591,37528,709,2,5/9/2020 16:55
8050,3968,91,2,5/9/2020 16:55
7764,6189,3278,5,5/9/2020 16:55
8055,22452,528,2,5/9/2020 16:55
7592,60233,4297,1,5/9/2020 16:55
7681,4365,704,3,5/9/2020 16:55
7988,69321,637,2,5/9/2020 16:55
8189,86355,366,1,5/9/2020 16:55
8294,57310,4058,3,5/9/2020 16:55
5916,9993,3661,3,5/9/2020 16:55
7648,71817,863,2,5/9/2020 16:55
7863,69412,3444,4,5/9/2020 16:55
8411,20129,2828,5,5/9/2020 16:55
6583,80731,4728,3,5/9/2020 16:55
6033,52176,4726,1,5/9/2020 16:55
5675,17205,3847,4,5/9/2020 16:55
6929,25653,727,4,5/9/2020 16:55
7462,49759,4065,3,5/9/2020 16:55
7271,29373,2259,3,5/9/2020 16:55
7439,40091,2279,5,5/9/2020 16:55
8608,11386,2097,5,5/9/2020 16:55
5734,10952,1750,2,5/9/2020 16:55
6645,50104,3991,4,5/9/2020 16:55
6320,23969,2958,4,5/9/2020 16:55
8489,43702,252,5,5/9/2020 16:55
6033,75751,4726,4,5/9/2020 16:55
7874,87335,3290,4,5/9/2020 16:55
7432,74635,2649,5,5/9/2020 16:56
8707,58518,1708,3,5/9/2020 16:56
7355,56872,1958,5,5/9/2020 16:56
6360,61987,951,3,5/9/2020 16:56
8773,74839,2289,3,5/9/2020 16:56
5997,68652,3618,5,5/9/2020 16:56
7132,63102,1784,1,5/9/2020 16:56
6741,58863,445,1,5/9/2020 16:56
8986,85531,4418,5,5/9/2020 16:56
7833,6694,426,4,5/9/2020 16:56
7675,13708,3649,1,5/9/2020 16:56
5921,60071,2576,5,5/9/2020 16:56
8500,11135,3600,2,5/9/2020 16:56
6080,12823,3004,1,5/9/2020 16:56
8192,4713,2559,3,5/9/2020 16:56
8370,69831,2061,5,5/9/2020 16:56
7584,64187,1453,1,5/9/2020 16:56
8529,25733,3745,1,5/9/2020 16:56
7667,72787,532,4,5/9/2020 16:56
5866,25972,1848,2,5/9/2020 16:56
6281,31009,2198,1,5/9/2020 16:56
7227,60135,2005,5,5/9/2020 16:56
8328,26246,1289,4,5/9/2020 16:56
6511,24501,3019,3,5/9/2020 16:56
6023,24658,1040,5,5/9/2020 16:56
8394,73199,532,2,5/9/2020 16:56
5681,34433,1062,2,5/9/2020 16:56
8942,31750,2070,5,5/9/2020 16:56
6512,66218,2443,4,5/9/2020 16:56
6892,35153,2095,4,5/9/2020 16:56
5805,19824,1638,3,5/9/2020 16:56
6617,89157,301,3,5/9/2020 16:56
8543,6237,1135,1,5/9/2020 16:56
7836,86811,4633,2,5/9/2020 16:56
8847,81398,2417,1,5/9/2020 16:56
8459,27166,3228,1,5/9/2020 16:56
7063,44229,1340,1,5/9/2020 16:56
7255,44443,334,4,5/9/2020 16:56
8878,47064,1903,3,5/9/2020 16:56
8277,60415,4908,4,5/9/2020 16:56
5849,15345,314,4,5/9/2020 16:56
7910,75334,908,3,5/9/2020 16:56
6165,54841,1729,2,5/9/2020 16:56
6222,58086,1617,3,5/9/2020 16:56
8697,89554,4457,1,5/9/2020 16:56
6570,5435,446,4,5/9/2020 16:56
7066,3204,881,3,5/9/2020 16:56
8841,3578,4660,1,5/9/2020 16:56
6920,47489,3856,3,5/9/2020 16:56
8541,5956,1527,1,5/9/2020 16:56
6326,49881,1769,1,5/9/2020 16:56
7176,12230,3494,1,5/9/2020 16:56
6289,85589,500,2,5/9/2020 16:56
5912,88851,4662,1,5/9/2020 16:56
7543,3390,2012,3,5/9/2020 16:56
7256,46038,3566,4,5/9/2020 16:56
8962,53045,2618,3,5/9/2020 16:56
8271,55803,1048,1,5/9/2020 16:56
7320,34362,2892,1,5/9/2020 16:56
6215,3120,3095,5,5/9/2020 16:56
7331,83757,1073,3,5/9/2020 16:57
6231,83941,680,1,5/9/2020 16:57
8352,85011,3976,2,5/9/2020 16:57
7552,5184,1555,3,5/9/2020 16:57
6528,63556,4865,1,5/9/2020 16:57
6728,48200,1956,3,5/9/2020 16:57
6275,69923,1320,1,5/9/2020 16:57
6989,60231,1393,2,5/9/2020 16:57
8894,62400,640,3,5/9/2020 16:57
7453,29534,3327,4,5/9/2020 16:57
7501,52764,4392,2,5/9/2020 16:57
8679,7156,3136,4,5/9/2020 16:57
8357,50796,2924,4,5/9/2020 16:57
6432,80871,2517,4,5/9/2020 16:57
8324,24792,3654,5,5/9/2020 16:57
6952,85882,1092,1,5/9/2020 16:57
6587,85475,1112,1,5/9/2020 16:57
7071,2529,1727,2,5/9/2020 16:57
8981,54345,3089,2,5/9/2020 16:57
6778,44005,3441,1,5/9/2020 16:57
7745,38957,797,2,5/9/2020 16:57
7261,32762,1168,2,5/9/2020 16:57
8177,33263,3101,5,5/9/2020 16:57
8692,65392,3459,4,5/9/2020 16:57
7820,57475,2287,3,5/9/2020 16:57
6103,58455,1818,3,5/9/2020 16:57
8566,30676,4475,4,5/9/2020 16:57
7042,56467,574,1,5/9/2020 16:57
6415,47806,1824,4,5/9/2020 16:57
8411,32526,2828,4,5/9/2020 16:57
6033,85901,4726,3,5/9/2020 16:57
6514,22160,4743,4,5/9/2020 16:57
6929,39051,727,4,5/9/2020 16:57
8490,8315,4687,1,5/9/2020 16:57
6776,50543,3128,4,5/9/2020 16:57
5902,79848,1824,2,5/9/2020 16:57
5639,68862,2579,4,5/9/2020 16:57
6126,70886,3672,1,5/9/2020 16:57
5744,13210,4349,3,5/9/2020 16:57
8636,82316,570,2,5/9/2020 16:57
8162,68011,3014,4,5/9/2020 16:57
7867,44140,4317,5,5/9/2020 16:57
6600,15682,506,3,5/9/2020 16:57
8438,4610,2079,1,5/9/2020 16:57
8316,17932,1363,1,5/9/2020 16:57
7853,26105,2015,3,5/9/2020 16:57
5654,47159,3861,4,5/9/2020 16:57
7074,70672,2876,1,5/9/2020 16:57
8246,5287,2397,5,5/9/2020 16:57
7536,17616,496,4,5/9/2020 16:57
6850,65948,716,3,5/9/2020 16:57
6518,60386,2159,3,5/9/2020 16:57
6903,85258,1002,3,5/9/2020 16:57
7066,76737,881,1,5/9/2020 16:57
8964,61543,314,2,5/9/2020 16:57
7176,38952,3494,3,5/9/2020 16:57
5995,71676,3271,2,5/9/2020 16:57
6189,24627,1118,2,5/9/2020 16:57
7001,89750,1912,4,5/9/2020 16:57
5787,65216,3832,2,5/9/2020 16:57
6013,20491,1456,5,5/9/2020 16:58
6339,26204,1888,5,5/9/2020 16:58
6542,18717,4803,3,5/9/2020 16:58
6362,24772,3625,4,5/9/2020 16:58
8136,48020,1755,2,5/9/2020 16:58
8716,72079,2377,2,5/9/2020 16:58
6509,86314,3121,3,5/9/2020 16:58
8556,59101,1665,1,5/9/2020 16:58
7722,85638,150,5,5/9/2020 16:58
8784,2881,2613,2,5/9/2020 16:58
7125,46608,1640,1,5/9/2020 16:58
6275,10021,1320,3,5/9/2020 16:58
7756,46361,4307,3,5/9/2020 16:58
8772,63022,3537,5,5/9/2020 16:58
8284,76259,4455,3,5/9/2020 16:58
6586,69747,3791,3,5/9/2020 16:58
7357,67491,3198,4,5/9/2020 16:58
5857,69037,1795,5,5/9/2020 16:58
6411,78183,2020,3,5/9/2020 16:58
8974,25962,4640,2,5/9/2020 16:58
8369,2527,4173,4,5/9/2020 16:58
7077,49020,2314,4,5/9/2020 16:58
5963,73892,1205,3,5/9/2020 16:58
7414,16413,1866,5,5/9/2020 16:58
6464,21827,4954,4,5/9/2020 16:58
8146,2723,2768,1,5/9/2020 16:58
5735,49098,1843,3,5/9/2020 16:58
6610,7765,1539,4,5/9/2020 16:58
6835,3172,1513,3,5/9/2020 16:58
6719,38334,4217,5,5/9/2020 16:58
7427,35744,1845,4,5/9/2020 16:58
5806,9401,3404,2,5/9/2020 16:58
5769,31735,1380,1,5/9/2020 16:58
6310,2619,167,4,5/9/2020 16:58
6337,77074,3709,2,5/9/2020 16:58
7422,76329,2876,4,5/9/2020 16:58
6778,16239,3441,1,5/9/2020 16:58
8586,16721,3554,5,5/9/2020 16:58
8844,41611,3496,5,5/9/2020 16:58
7088,78480,4432,3,5/9/2020 16:58
5995,14722,3271,2,5/9/2020 16:58
8079,67496,4079,4,5/9/2020 16:58
6575,1137,2483,5,5/9/2020 16:58
7852,6984,70,5,5/9/2020 16:58
7350,73292,2309,3,5/9/2020 16:58
7293,39935,1826,2,5/9/2020 16:58
6535,63506,895,5,5/9/2020 16:58
7626,1356,1204,2,5/9/2020 16:58
8888,26036,4433,5,5/9/2020 16:58
7625,21937,4466,5,5/9/2020 16:58
8947,12594,2257,4,5/9/2020 16:58
8885,11474,2901,3,5/9/2020 16:58
8385,11959,1735,1,5/9/2020 16:58
7680,25516,973,2,5/9/2020 16:58
7024,68364,4383,2,5/9/2020 16:58
8301,58731,1594,4,5/9/2020 16:58
6587,43673,1112,3,5/9/2020 16:58
6914,76787,3569,1,5/9/2020 16:58
6591,20742,709,1,5/9/2020 16:58
7172,333,2824,1,5/9/2020 16:58
5998,26410,1745,1,5/9/2020 16:59
7655,59903,1665,5,5/9/2020 16:59
7490,24794,2409,2,5/9/2020 16:59
5770,28277,80,3,5/9/2020 16:59
7509,85361,2122,2,5/9/2020 16:59
6038,23399,1436,4,5/9/2020 16:59
8631,3109,1717,3,5/9/2020 16:59
8566,86023,4475,4,5/9/2020 16:59
6998,41322,764,1,5/9/2020 16:59
7206,50352,2872,3,5/9/2020 16:59
8692,32228,3459,4,5/9/2020 16:59
7172,41840,2824,3,5/9/2020 16:59
8851,48955,111,5,5/9/2020 16:59
8037,11577,1765,2,5/9/2020 16:59
6897,70385,4787,4,5/9/2020 16:59
5600,12625,3210,5,5/9/2020 16:59
7031,71555,1513,2,5/9/2020 16:59
8858,30179,4908,2,5/9/2020 16:59
7504,4853,3865,3,5/9/2020 16:59
7714,19524,1667,3,5/9/2020 16:59
7214,13962,447,4,5/9/2020 16:59
6166,73032,3917,4,5/9/2020 16:59
5660,60379,1755,2,5/9/2020 16:59
8620,89949,2982,5,5/9/2020 16:59
8992,77255,474,1,5/9/2020 16:59
6200,17771,3041,2,5/9/2020 16:59
7951,71422,3892,4,5/9/2020 16:59
8910,60264,3698,5,5/9/2020 16:59
7528,68619,2523,3,5/9/2020 16:59
8067,47397,1814,2,5/9/2020 16:59
8798,82992,1864,3,5/9/2020 16:59
6874,5987,2817,1,5/9/2020 16:59
8064,12385,58,4,5/9/2020 16:59
6323,39464,3461,1,5/9/2020 16:59
6530,48919,3602,5,5/9/2020 16:59
6595,32274,3443,2,5/9/2020 16:59
6538,9475,2256,1,5/9/2020 16:59
7658,47764,4488,4,5/9/2020 16:59
7850,54481,164,1,5/9/2020 16:59
6078,54214,2684,1,5/9/2020 16:59
8338,14293,3386,3,5/9/2020 16:59
6597,65569,3639,2,5/9/2020 16:59
7513,55125,1319,5,5/9/2020 16:59
5624,72970,1621,4,5/9/2020 16:59
5839,22973,3470,4,5/9/2020 16:59
8975,54435,4139,5,5/9/2020 16:59
7756,23408,4307,2,5/9/2020 16:59
8667,80291,1469,2,5/9/2020 16:59
8918,58690,2420,2,5/9/2020 16:59
7976,87469,3490,3,5/9/2020 16:59
8264,44666,1183,3,5/9/2020 16:59
7261,84423,1168,3,5/9/2020 16:59
5602,6743,215,4,5/9/2020 16:59
6504,61398,4418,5,5/9/2020 16:59
8318,10146,4610,4,5/9/2020 16:59
8104,89742,2176,1,5/9/2020 16:59
6279,39837,2128,5,5/9/2020 16:59
6970,77869,4329,1,5/9/2020 16:59
8284,25354,4455,1,5/9/2020 16:59
5864,55780,4337,4,5/9/2020 16:59
6518,69869,2159,1,5/9/2020 17:00
8064,55486,58,4,5/9/2020 17:00
6362,74458,3625,4,5/9/2020 17:00
8266,63418,657,3,5/9/2020 17:00
6087,45091,2008,4,5/9/2020 17:00
5602,56685,215,1,5/9/2020 17:00
7641,51109,3189,2,5/9/2020 17:00
7342,21407,2062,1,5/9/2020 17:00
8239,80480,4986,5,5/9/2020 17:00
8484,68870,4365,4,5/9/2020 17:00
6189,30731,1118,3,5/9/2020 17:00
8224,28904,75,4,5/9/2020 17:00
8352,35149,3976,1,5/9/2020 17:00
8392,29450,4341,2,5/9/2020 17:00
7217,78770,715,1,5/9/2020 17:00
8285,3482,4213,4,5/9/2020 17:00
6713,17268,3335,4,5/9/2020 17:00
7776,77296,4420,5,5/9/2020 17:00
7152,40525,2641,5,5/9/2020 17:00
7629,66628,4214,5,5/9/2020 17:00
8025,64915,4688,2,5/9/2020 17:00
7896,31416,3911,5,5/9/2020 17:00
6301,26575,2446,4,5/9/2020 17:00
7796,34452,3527,5,5/9/2020 17:00
7633,54013,3635,5,5/9/2020 17:00
7833,70944,426,2,5/9/2020 17:00
6204,32968,4152,5,5/9/2020 17:00
6619,26157,3682,2,5/9/2020 17:00
8382,53262,3712,2,5/9/2020 17:00
8188,15569,3539,4,5/9/2020 17:00
7829,21287,3757,1,5/9/2020 17:00
5941,17888,3577,1,5/9/2020 17:00
7888,37349,2561,4,5/9/2020 17:00
8094,12341,858,4,5/9/2020 17:00
7572,71896,3681,2,5/9/2020 17:00
8587,83425,145,5,5/9/2020 17:00
7628,50174,2372,5,5/9/2020 17:00
5799,1708,3939,4,5/9/2020 17:00
6367,17141,3030,3,5/9/2020 17:00
7606,81585,2228,3,5/9/2020 17:00
8501,89352,1814,2,5/9/2020 17:00
6728,74950,1956,4,5/9/2020 17:00
7186,43311,2691,1,5/9/2020 17:00
6748,77689,2821,5,5/9/2020 17:00
7332,7560,3331,4,5/9/2020 17:00
6486,34782,434,3,5/9/2020 17:00
6147,89509,1026,5,5/9/2020 17:00
8901,20547,3308,2,5/9/2020 17:00
7159,74809,4352,5,5/9/2020 17:00
6956,39363,994,4,5/9/2020 17:00
6984,86682,3325,1,5/9/2020 17:00
8600,64804,4009,1,5/9/2020 17:00
6525,48691,113,5,5/9/2020 17:00
8708,78695,3089,1,5/9/2020 17:00
6253,9323,1763,1,5/9/2020 17:00
8540,2648,1494,3,5/9/2020 17:00
7146,17951,2797,4,5/9/2020 17:00
6160,7091,93,1,5/9/2020 17:00
6652,17175,58,1,5/9/2020 17:00
7987,7988,1535,5,5/9/2020 17:00
7928,87569,3451,4,5/9/2020 17:01
5864,25244,4337,1,5/9/2020 17:01
7960,394,321,4,5/9/2020 17:01
6725,6231,4797,5,5/9/2020 17:01
8492,61657,4091,4,5/9/2020 17:01
5600,47305,3210,3,5/9/2020 17:01
7759,8496,1907,5,5/9/2020 17:01
6983,71771,1774,5,5/9/2020 17:01
8712,73078,3036,2,5/9/2020 17:01
6743,46974,3841,1,5/9/2020 17:01
8826,19053,2690,3,5/9/2020 17:01
5600,78377,3210,2,5/9/2020 17:01
8233,46024,1789,5,5/9/2020 17:01
7119,88720,2613,2,5/9/2020 17:01
7815,6008,1846,5,5/9/2020 17:01
6071,80196,2002,4,5/9/2020 17:01
5910,8458,4876,2,5/9/2020 17:01
7892,89114,560,4,5/9/2020 17:01
8359,87647,1590,3,5/9/2020 17:01
6369,59946,810,1,5/9/2020 17:01
7294,44177,2214,5,5/9/2020 17:01
8177,18677,3101,5,5/9/2020 17:01
6610,24737,1539,3,5/9/2020 17:01
6357,3961,2732,4,5/9/2020 17:01
5971,37276,1268,5,5/9/2020 17:01
6707,16343,4743,1,5/9/2020 17:01
7028,39395,2619,2,5/9/2020 17:01
5975,5532,1228,1,5/9/2020 17:01
7820,28924,2287,2,5/9/2020 17:01
8410,60026,2669,1,5/9/2020 17:01
7110,14842,4974,1,5/9/2020 17:01
8769,58969,3913,5,5/9/2020 17:01
7378,17272,4270,2,5/9/2020 17:01
7033,52619,540,3,5/9/2020 17:01
6854,50501,1863,3,5/9/2020 17:01
5872,83394,196,3,5/9/2020 17:01
5787,20311,3832,3,5/9/2020 17:01
8012,85816,4606,1,5/9/2020 17:01
5787,56133,3832,5,5/9/2020 17:01
6181,37876,986,3,5/9/2020 17:01
8668,24025,176,3,5/9/2020 17:01
7338,78822,57,4,5/9/2020 17:01
6814,50471,2797,4,5/9/2020 17:01
7761,79923,4701,1,5/9/2020 17:01
8352,53363,3976,1,5/9/2020 17:01
8431,26437,294,1,5/9/2020 17:01
7403,10986,4216,2,5/9/2020 17:01
7584,42647,1453,4,5/9/2020 17:01
8532,54034,937,3,5/9/2020 17:01
5804,27311,387,1,5/9/2020 17:01
8087,3490,2732,4,5/9/2020 17:01
8590,41231,1179,3,5/9/2020 17:01
6602,16789,565,4,5/9/2020 17:01
7380,16990,1461,4,5/9/2020 17:01
6666,89011,296,1,5/9/2020 17:01
7088,12026,4432,5,5/9/2020 17:01
6013,8845,1456,1,5/9/2020 17:01
6914,45648,3569,2,5/9/2020 17:01
7501,45257,4392,4,5/9/2020 17:01
6097,27879,449,1,5/9/2020 17:01
8624,7192,3573,2,5/9/2020 17:02
6882,27440,2740,3,5/9/2020 17:02
8347,9055,4404,4,5/9/2020 17:02
7132,18273,1784,5,5/9/2020 17:02
8895,63524,1729,1,5/9/2020 17:02
6231,48690,680,3,5/9/2020 17:02
7878,22156,3273,2,5/9/2020 17:02
8694,12008,1304,5,5/9/2020 17:02
8370,14400,2061,5,5/9/2020 17:02
5963,26502,1205,1,5/9/2020 17:02
6833,45707,1482,1,5/9/2020 17:02
8881,56329,2296,2,5/9/2020 17:02
6413,54053,2812,1,5/9/2020 17:02
5960,88196,1126,3,5/9/2020 17:02
7215,58112,2535,1,5/9/2020 17:02
6147,31121,1026,3,5/9/2020 17:02
5731,62933,2178,2,5/9/2020 17:02
8324,956,3654,2,5/9/2020 17:02
8094,35933,858,5,5/9/2020 17:02
7480,65600,1952,1,5/9/2020 17:02
6080,63852,3004,1,5/9/2020 17:02
7524,8051,3627,2,5/9/2020 17:02
6003,51334,1641,4,5/9/2020 17:02
8300,30197,4712,5,5/9/2020 17:02
8818,13895,548,4,5/9/2020 17:02
5909,38819,1235,4,5/9/2020 17:02
6303,4938,2098,1,5/9/2020 17:02
8921,55265,473,5,5/9/2020 17:02
8655,32950,3957,5,5/9/2020 17:02
8399,69823,563,5,5/9/2020 17:02
6663,66222,3833,1,5/9/2020 17:02
6008,11776,648,3,5/9/2020 17:02
8716,47155,2377,2,5/9/2020 17:02
6450,6724,2741,3,5/9/2020 17:02
6774,39051,4844,4,5/9/2020 17:02
6912,84199,1449,1,5/9/2020 17:02
8280,71453,490,4,5/9/2020 17:02
7669,76645,2067,1,5/9/2020 17:02
8092,89844,1942,1,5/9/2020 17:02
6956,56469,994,3,5/9/2020 17:02
7437,17414,2483,5,5/9/2020 17:02
7616,37989,1770,5,5/9/2020 17:02
8374,3769,3037,5,5/9/2020 17:02
7537,20102,1811,4,5/9/2020 17:02
7598,37842,109,2,5/9/2020 17:02
8192,85138,2559,1,5/9/2020 17:02
6199,43826,2746,3,5/9/2020 17:02
6630,60024,1621,3,5/9/2020 17:02
6453,37171,1318,1,5/9/2020 17:02
6938,39531,3308,2,5/9/2020 17:02
7439,51280,2279,4,5/9/2020 17:02
8628,35788,1681,1,5/9/2020 17:02
7244,19357,4243,2,5/9/2020 17:02
8976,74025,3289,3,5/9/2020 17:02
6909,43000,3620,3,5/9/2020 17:02
7680,17550,973,5,5/9/2020 17:02
6485,22178,2909,3,5/9/2020 17:02
6157,89617,218,4,5/9/2020 17:02
8299,57818,3078,3,5/9/2020 17:02
6365,38264,1954,1,5/9/2020 17:02
6601,79388,4661,2,5/9/2020 17:03
8603,60307,509,1,5/9/2020 17:03
7362,10341,1101,3,5/9/2020 17:03
8477,83303,1235,2,5/9/2020 17:03
8959,55581,2188,1,5/9/2020 17:03
6866,26635,2869,2,5/9/2020 17:03
5927,3231,897,1,5/9/2020 17:03
7553,64293,3646,2,5/9/2020 17:03
5794,87141,314,4,5/9/2020 17:03
6521,6513,2873,5,5/9/2020 17:03
7173,46368,3630,4,5/9/2020 17:03
6220,29231,1015,4,5/9/2020 17:03
5956,5924,2731,5,5/9/2020 17:03
6023,44868,1040,5,5/9/2020 17:03
8107,44279,4168,3,5/9/2020 17:03
7840,6532,3143,2,5/9/2020 17:03
6334,28924,3008,3,5/9/2020 17:03
8712,23664,3036,5,5/9/2020 17:03
7218,47301,3326,5,5/9/2020 17:03
7840,73839,3143,5,5/9/2020 17:03
6442,46967,4387,1,5/9/2020 17:03
7505,26114,2989,5,5/9/2020 17:03
8681,65392,2170,3,5/9/2020 17:03
6194,20381,3580,1,5/9/2020 17:03
5966,39624,1318,5,5/9/2020 17:03
8708,2360,3089,1,5/9/2020 17:03
6991,41176,1119,3,5/9/2020 17:03
8711,63757,3391,2,5/9/2020 17:03
